trait	group	phylum	n	positives	negatives	sensitivity	specificity	balanced_accuracy	mcc	auroc	balanced_accuracy_low	balanced_accuracy_high
aerobic	seen		107	36	71	0.9444444444444444	0.9436619718309859	0.9440532081377151	0.8768576368984852	0.9843505477308294	0.8953442879499218	0.9859154929577465
aerobic	unseen		108	20	88	0.9	0.9659090909090909	0.9329545454545455	0.8498834250030645	0.9914772727272727	0.8579545454545454	0.9886363636363636
aerobic	genus_unseen		22	1	21							
aerobic	phylum	Actinobacteria	19	11	8							
aerobic	phylum	Euryarchaeota	28	0	28							
aerobic	phylum	Firmicutes	41	7	34							
aerobic	phylum	Proteobacteria	41	23	18	0.8695652173913043	0.9444444444444444	0.9070048309178744	0.8081743918926565	0.9637681159420289	0.8140096618357487	0.9782608695652174
anaerobic	seen		107	46	61	0.9782608695652174	1.0	0.9891304347826086	0.9810619085680565	1.0	0.9673913043478262	1.0
anaerobic	unseen		87	13	74	1.0	0.972972972972973	0.9864864864864865	0.9182827686738128	1.0	0.9662162162162162	1.0
anaerobic	genus_unseen		13	3	10							
anaerobic	phylum	Actinobacteria	32	3	29							
anaerobic	phylum	Firmicutes	31	7	24							
anaerobic	phylum	Proteobacteria	50	1	49							
gram-positive	seen		77	26	51	0.9230769230769231	0.9607843137254902	0.9419306184012066	0.8838612368024132	0.9811463046757164	0.8838612368024132	0.9901960784313726
gram-positive	unseen		98	39	59	0.9230769230769231	0.9661016949152542	0.9445893089960886	0.8932641336477142	0.9839200347674923	0.8935245545415037	0.9830508474576272
gram-positive	genus_unseen		14	4	10							
gram-positive	phylum	Actinobacteria	30	30	0							
gram-positive	phylum	Firmicutes	34	29	5							
gram-positive	phylum	Proteobacteria	59	0	59							
motile2+	seen		46	5	41							
motile2+	unseen		66	15	51	1.0	0.8823529411764706	0.9411764705882353	0.7938841860374447	0.9947712418300654	0.892156862745098	0.9803921568627452
motile2+	genus_unseen		9	2	7							
motile2+	phylum	Actinobacteria	26	0	26							
motile2+	phylum	Firmicutes	22	10	12	1.0	0.8333333333333334	0.9166666666666667	0.8333333333333334	1.0	0.7916666666666667	1.0
motile2+	phylum	Proteobacteria	23	9	14							
spore-forming	seen		28	3	25							
spore-forming	unseen		58	21	37	1.0	0.972972972972973	0.9864864864864865	0.9637151699267417	1.0	0.9594594594594594	1.0
spore-forming	genus_unseen		8	0	8							
spore-forming	phylum	Actinobacteria	20	7	13							
spore-forming	phylum	Firmicutes	24	17	7							
spore-forming	phylum	Proteobacteria	19	0	19							
thermophile	seen		146	27	119	0.8888888888888888	1.0	0.9444444444444444	0.9311449754960938	0.9993775287892935	0.8703703703703703	1.0
thermophile	unseen		169	30	139	0.9666666666666667	0.9928057553956835	0.9797362110311751	0.9594724220623502	0.9997601918465228	0.9428057553956835	1.0
thermophile	genus_unseen		31	9	22							
thermophile	phylum	Actinobacteria	43	0	43							
thermophile	phylum	Euryarchaeota	33	8	25							
thermophile	phylum	Firmicutes	49	9	40							
thermophile	phylum	Proteobacteria	79	1	78							
