trait	level	contamination	set	draws	flip_rate	pos_to_neg	neg_to_pos	accuracy	mean_prob_shift
acidophile	100	0	seen	1500	0.0	0.0	0.0		0.0
acidophile	100	0	unseen	1740	0.0	0.0	0.0		0.0
acidophile	100	10	seen	1500	0.0033333333333333335	0.0033333333333333335	0.0		0.014913955573333332
acidophile	100	10	unseen	1740	0.005172413793103448	0.005172413793103448	0.0		0.012976640787356322
acidophile	100	5	seen	1500	0.002	0.002	0.0		0.011310005286666666
acidophile	100	5	unseen	1740	0.0005747126436781609	0.0005747126436781609	0.0		0.010487522327586206
acidophile	30	0	seen	1500	0.006666666666666667	0.006666666666666667	0.0		0.058441777253333334
acidophile	30	0	unseen	1740	0.005747126436781609	0.005747126436781609	0.0		0.06447341799425288
acidophile	40	0	seen	1500	0.006666666666666667	0.006666666666666667	0.0		0.05439275617333333
acidophile	40	0	unseen	1740	0.005747126436781609	0.005747126436781609	0.0		0.05785001504022989
acidophile	50	0	seen	1500	0.006666666666666667	0.006666666666666667	0.0		0.04836261708666667
acidophile	50	0	unseen	1740	0.005747126436781609	0.005747126436781609	0.0		0.051889177477011494
acidophile	60	0	seen	1500	0.006666666666666667	0.006666666666666667	0.0		0.04079483476
acidophile	60	0	unseen	1740	0.005747126436781609	0.005747126436781609	0.0		0.04200809334482759
acidophile	70	0	seen	1500	0.006	0.006	0.0		0.03173742789333333
acidophile	70	0	unseen	1740	0.005747126436781609	0.005747126436781609	0.0		0.033499837758620685
acidophile	70	10	seen	1500	0.006666666666666667	0.006666666666666667	0.0		0.03443036858666667
acidophile	70	10	unseen	1740	0.005747126436781609	0.005747126436781609	0.0		0.03623951909770115
acidophile	70	5	seen	1500	0.006666666666666667	0.006666666666666667	0.0		0.03384982202
acidophile	70	5	unseen	1740	0.005747126436781609	0.005747126436781609	0.0		0.03460125288505747
acidophile	80	0	seen	1500	0.005333333333333333	0.005333333333333333	0.0		0.0241574874
acidophile	80	0	unseen	1740	0.004597701149425287	0.004597701149425287	0.0		0.02433753012643678
acidophile	90	0	seen	1500	0.0013333333333333333	0.0013333333333333333	0.0		0.014788806493333332
acidophile	90	0	unseen	1740	0.0017241379310344827	0.0017241379310344827	0.0		0.014873706994252873
aerobic	100	0	seen	1500	0.0	0.0	0.0	0.9439252336448598	0.0
aerobic	100	0	unseen	1740	0.0	0.0	0.0	0.9537037037037037	0.0
aerobic	100	10	seen	1500	0.004666666666666667	0.0006666666666666666	0.004	0.9439252336448598	0.05743830737333334
aerobic	100	10	unseen	1740	0.010344827586206896	0.008045977011494253	0.0022988505747126436	0.9629629629629629	0.05526310561494253
aerobic	100	5	seen	1500	0.0013333333333333333	0.0	0.0013333333333333333	0.9448598130841122	0.03763185156
aerobic	100	5	unseen	1740	0.005747126436781609	0.005747126436781609	0.0	0.962037037037037	0.03622997740229885
aerobic	30	0	seen	1500	0.25466666666666665	0.254	0.0006666666666666666	0.791588785046729	0.2066991030733333
aerobic	30	0	unseen	1740	0.2189655172413793	0.21724137931034482	0.0017241379310344827	0.8962962962962963	0.20147786649425287
aerobic	40	0	seen	1500	0.152	0.15	0.002	0.8757009345794392	0.17269835816
aerobic	40	0	unseen	1740	0.13448275862068965	0.13160919540229885	0.0028735632183908046	0.9314814814814815	0.1702673947873563
aerobic	50	0	seen	1500	0.084	0.07933333333333334	0.004666666666666667	0.9158878504672897	0.14299130940666666
aerobic	50	0	unseen	1740	0.07758620689655173	0.07528735632183908	0.0022988505747126436	0.9435185185185185	0.14243730579310346
aerobic	60	0	seen	1500	0.044	0.034	0.01	0.9271028037383178	0.11617243592
aerobic	60	0	unseen	1740	0.038505747126436785	0.03620689655172414	0.0022988505747126436	0.9546296296296296	0.11525400682758621
aerobic	70	0	seen	1500	0.030666666666666665	0.023333333333333334	0.007333333333333333	0.9336448598130841	0.08910183479333333
aerobic	70	0	unseen	1740	0.027011494252873563	0.02586206896551724	0.0011494252873563218	0.950925925925926	0.0878863924310345
aerobic	70	10	seen	1500	0.02266666666666667	0.011333333333333334	0.011333333333333334	0.9364485981308411	0.11051712980666667
aerobic	70	10	unseen	1740	0.020689655172413793	0.01839080459770115	0.0022988505747126436	0.9564814814814815	0.11056491062068965
aerobic	70	5	seen	1500	0.012666666666666666	0.006666666666666667	0.006	0.9373831775700935	0.10109679905333334
aerobic	70	5	unseen	1740	0.03103448275862069	0.028160919540229885	0.0028735632183908046	0.9490740740740741	0.10030337070689656
aerobic	80	0	seen	1500	0.006666666666666667	0.005333333333333333	0.0013333333333333333	0.9411214953271028	0.06447210936
aerobic	80	0	unseen	1740	0.016666666666666666	0.016091954022988506	0.0005747126436781609	0.9574074074074074	0.06326390093103448
aerobic	90	0	seen	1500	0.004	0.0013333333333333333	0.0026666666666666666	0.9448598130841122	0.03780396602666667
aerobic	90	0	unseen	1740	0.010344827586206896	0.009770114942528735	0.0005747126436781609	0.9601851851851851	0.03655503855172414
anaerobic	100	0	seen	1500	0.0	0.0	0.0	0.9906542056074766	0.0
anaerobic	100	0	unseen	1740	0.0	0.0	0.0	0.9770114942528736	0.0
anaerobic	100	10	seen	1500	0.004666666666666667	0.0033333333333333335	0.0013333333333333333	0.9878504672897196	0.05347429565333333
anaerobic	100	10	unseen	1740	0.004597701149425287	0.0034482758620689655	0.0011494252873563218	0.9839080459770115	0.05798956904022989
anaerobic	100	5	seen	1500	0.0026666666666666666	0.0	0.0026666666666666666	0.9887850467289719	0.03751773156666667
anaerobic	100	5	unseen	1740	0.0005747126436781609	0.0005747126436781609	0.0	0.9781609195402299	0.038175143149425286
anaerobic	30	0	seen	1500	0.134	0.12866666666666668	0.005333333333333333	0.8429906542056075	0.25104273472666666
anaerobic	30	0	unseen	1740	0.1339080459770115	0.13275862068965516	0.0011494252873563218	0.957471264367816	0.28624752618390803
anaerobic	40	0	seen	1500	0.06733333333333333	0.059333333333333335	0.008	0.9177570093457944	0.2208489920266667
anaerobic	40	0	unseen	1740	0.05459770114942529	0.052298850574712646	0.0022988505747126436	0.9804597701149426	0.23953021005747124
anaerobic	50	0	seen	1500	0.03866666666666667	0.029333333333333333	0.009333333333333334	0.9607476635514018	0.18660883201333336
anaerobic	50	0	unseen	1740	0.01954022988505747	0.01839080459770115	0.0011494252873563218	0.9862068965517241	0.19673367255172414
anaerobic	60	0	seen	1500	0.025333333333333333	0.018666666666666668	0.006666666666666667	0.9654205607476636	0.15145751909333335
anaerobic	60	0	unseen	1740	0.014942528735632184	0.013793103448275862	0.0011494252873563218	0.9862068965517241	0.15714639397126437
anaerobic	70	0	seen	1500	0.018	0.008	0.01	0.9766355140186916	0.1152630798
anaerobic	70	0	unseen	1740	0.00632183908045977	0.00632183908045977	0.0	0.9827586206896551	0.11612263759195401
anaerobic	70	10	seen	1500	0.019333333333333334	0.012	0.007333333333333333	0.9728971962616823	0.13359161375333334
anaerobic	70	10	unseen	1740	0.009195402298850575	0.007471264367816092	0.0017241379310344827	0.9873563218390805	0.13883361291954022
anaerobic	70	5	seen	1500	0.018	0.006666666666666667	0.011333333333333334	0.9728971962616823	0.12451186666666667
anaerobic	70	5	unseen	1740	0.008620689655172414	0.006896551724137931	0.0017241379310344827	0.9839080459770115	0.12827740229310344
anaerobic	80	0	seen	1500	0.010666666666666666	0.002	0.008666666666666666	0.9869158878504672	0.08258425375333334
anaerobic	80	0	unseen	1740	0.004022988505747126	0.0034482758620689655	0.0005747126436781609	0.9804597701149426	0.08082933350574713
anaerobic	90	0	seen	1500	0.006	0.0013333333333333333	0.004666666666666667	0.9934579439252337	0.04777869169333333
anaerobic	90	0	unseen	1740	0.0011494252873563218	0.0005747126436781609	0.0005747126436781609	0.9781609195402299	0.04584748946551724
gram-positive	100	0	seen	1500	0.0	0.0	0.0	0.948051948051948	0.0
gram-positive	100	0	unseen	1740	0.0	0.0	0.0	0.9489795918367347	0.0
gram-positive	100	10	seen	1500	0.023333333333333334	0.014666666666666666	0.008666666666666666	0.9727272727272728	0.05645086842666667
gram-positive	100	10	unseen	1740	0.01839080459770115	0.013218390804597701	0.005172413793103448	0.9295918367346939	0.0578461070229885
gram-positive	100	5	seen	1500	0.019333333333333334	0.014	0.005333333333333333	0.9714285714285714	0.03564203825333333
gram-positive	100	5	unseen	1740	0.008045977011494253	0.00632183908045977	0.0017241379310344827	0.939795918367347	0.035879797890804595
gram-positive	30	0	seen	1500	0.038	0.036	0.002	0.9597402597402598	0.18303215244
gram-positive	30	0	unseen	1740	0.07758620689655173	0.07011494252873564	0.007471264367816092	0.886734693877551	0.17841609002873562
gram-positive	40	0	seen	1500	0.028	0.026	0.002	0.9727272727272728	0.15525258416666665
gram-positive	40	0	unseen	1740	0.04885057471264368	0.03505747126436782	0.013793103448275862	0.9142857142857143	0.14934533329885058
gram-positive	50	0	seen	1500	0.026	0.024666666666666667	0.0013333333333333333	0.9727272727272728	0.12565749587333333
gram-positive	50	0	unseen	1740	0.035632183908045977	0.021839080459770115	0.013793103448275862	0.9244897959183673	0.12040035029885057
gram-positive	60	0	seen	1500	0.020666666666666667	0.019333333333333334	0.0013333333333333333	0.974025974025974	0.09719294722666666
gram-positive	60	0	unseen	1740	0.03103448275862069	0.016666666666666666	0.014367816091954023	0.9224489795918367	0.09786013359770115
gram-positive	70	0	seen	1500	0.019333333333333334	0.018666666666666668	0.0006666666666666666	0.974025974025974	0.07296482448666666
gram-positive	70	0	unseen	1740	0.021264367816091954	0.009195402298850575	0.01206896551724138	0.9244897959183673	0.07362873598275863
gram-positive	70	10	seen	1500	0.030666666666666665	0.024	0.006666666666666667	0.9753246753246754	0.1052145432
gram-positive	70	10	unseen	1740	0.04195402298850575	0.028735632183908046	0.013218390804597701	0.9081632653061225	0.10315391977586207
gram-positive	70	5	seen	1500	0.022	0.018	0.004	0.977922077922078	0.09044398938666666
gram-positive	70	5	unseen	1740	0.02471264367816092	0.01206896551724138	0.01264367816091954	0.9193877551020408	0.09018095737931035
gram-positive	80	0	seen	1500	0.015333333333333332	0.015333333333333332	0.0	0.9701298701298702	0.05016173113333333
gram-positive	80	0	unseen	1740	0.015517241379310345	0.005172413793103448	0.010344827586206896	0.9306122448979591	0.05095416514942529
gram-positive	90	0	seen	1500	0.014666666666666666	0.014	0.0006666666666666666	0.9675324675324676	0.029913091846666663
gram-positive	90	0	unseen	1740	0.011494252873563218	0.0034482758620689655	0.008045977011494253	0.9357142857142857	0.030356181879310343
motile2+	100	0	seen	1500	0.0	0.0	0.0	1.0	0.0
motile2+	100	0	unseen	1740	0.0	0.0	0.0	0.9090909090909091	0.0
motile2+	100	10	seen	1500	0.027333333333333334	0.014	0.013333333333333334	0.9978260869565218	0.04905548294
motile2+	100	10	unseen	1740	0.03505747126436782	0.01954022988505747	0.015517241379310345	0.8863636363636364	0.04705760838505747
motile2+	100	5	seen	1500	0.023333333333333334	0.016	0.007333333333333333	0.9978260869565218	0.032705449639999995
motile2+	100	5	unseen	1740	0.023563218390804597	0.016666666666666666	0.006896551724137931	0.9121212121212121	0.03377376312068966
motile2+	30	0	seen	1500	0.276	0.276	0.0	0.8934782608695652	0.17858549524666667
motile2+	30	0	unseen	1740	0.39425287356321836	0.39425287356321836	0.0	0.7772727272727272	0.21759013837931035
motile2+	40	0	seen	1500	0.262	0.262	0.0	0.8956521739130435	0.16190415328666669
motile2+	40	0	unseen	1740	0.3718390804597701	0.3718390804597701	0.0	0.7909090909090909	0.19722897309195403
motile2+	50	0	seen	1500	0.24266666666666667	0.24266666666666667	0.0	0.9043478260869565	0.13937059756
motile2+	50	0	unseen	1740	0.3385057471264368	0.3385057471264368	0.0	0.8090909090909091	0.17301210989655172
motile2+	60	0	seen	1500	0.18933333333333333	0.18866666666666668	0.0006666666666666666	0.9347826086956522	0.11738032832666666
motile2+	60	0	unseen	1740	0.2770114942528736	0.2770114942528736	0.0	0.8575757575757575	0.1470757315862069
motile2+	70	0	seen	1500	0.14066666666666666	0.13666666666666666	0.004	0.9434782608695652	0.09323175629333334
motile2+	70	0	unseen	1740	0.19425287356321838	0.19425287356321838	0.0	0.8818181818181818	0.1164988274770115
motile2+	70	10	seen	1500	0.15266666666666667	0.14733333333333334	0.005333333333333333	0.9369565217391305	0.10852971279333333
motile2+	70	10	unseen	1740	0.19137931034482758	0.19080459770114944	0.0005747126436781609	0.9090909090909091	0.12797591446551726
motile2+	70	5	seen	1500	0.132	0.13066666666666665	0.0013333333333333333	0.95	0.10027144919333333
motile2+	70	5	unseen	1740	0.20172413793103447	0.20057471264367815	0.0011494252873563218	0.8727272727272727	0.12226856946551724
motile2+	80	0	seen	1500	0.08733333333333333	0.08733333333333333	0.0	0.9652173913043478	0.06686739658
motile2+	80	0	unseen	1740	0.1310344827586207	0.1310344827586207	0.0	0.9075757575757576	0.08745290937931036
motile2+	90	0	seen	1500	0.056	0.05466666666666667	0.0013333333333333333	0.9934782608695653	0.04356958446
motile2+	90	0	unseen	1740	0.06149425287356322	0.06149425287356322	0.0	0.9075757575757576	0.05164917614942529
psychrophile	100	0	seen	1500	0.0	0.0	0.0		0.0
psychrophile	100	0	unseen	1740	0.0	0.0	0.0		0.0
psychrophile	100	10	seen	1500	0.007333333333333333	0.007333333333333333	0.0		0.018796941946666666
psychrophile	100	10	unseen	1740	0.0	0.0	0.0		0.01908958818965517
psychrophile	100	5	seen	1500	0.004	0.004	0.0		0.0126284759
psychrophile	100	5	unseen	1740	0.0	0.0	0.0		0.01224685274137931
psychrophile	30	0	seen	1500	0.013333333333333334	0.013333333333333334	0.0		0.029708459240000002
psychrophile	30	0	unseen	1740	0.0	0.0	0.0		0.02345056496551724
psychrophile	40	0	seen	1500	0.013333333333333334	0.013333333333333334	0.0		0.027802808106666663
psychrophile	40	0	unseen	1740	0.0	0.0	0.0		0.024165668298850574
psychrophile	50	0	seen	1500	0.013333333333333334	0.013333333333333334	0.0		0.027461001353333334
psychrophile	50	0	unseen	1740	0.0	0.0	0.0		0.025744004390804594
psychrophile	60	0	seen	1500	0.013333333333333334	0.013333333333333334	0.0		0.02569132484
psychrophile	60	0	unseen	1740	0.0	0.0	0.0		0.02516546616091954
psychrophile	70	0	seen	1500	0.013333333333333334	0.013333333333333334	0.0		0.023278823673333334
psychrophile	70	0	unseen	1740	0.0	0.0	0.0		0.023227675362068965
psychrophile	70	10	seen	1500	0.013333333333333334	0.013333333333333334	0.0		0.029650995906666665
psychrophile	70	10	unseen	1740	0.0	0.0	0.0		0.030595755632183908
psychrophile	70	5	seen	1500	0.013333333333333334	0.013333333333333334	0.0		0.02677500398
psychrophile	70	5	unseen	1740	0.0	0.0	0.0		0.026484798942528736
psychrophile	80	0	seen	1500	0.012666666666666666	0.012666666666666666	0.0		0.018992231420000002
psychrophile	80	0	unseen	1740	0.0	0.0	0.0		0.019047057218390805
psychrophile	90	0	seen	1500	0.006666666666666667	0.006666666666666667	0.0		0.012818982306666667
psychrophile	90	0	unseen	1740	0.0	0.0	0.0		0.01329472786781609
spore-forming	100	0	seen	1500	0.0	0.0	0.0	1.0	0.0
spore-forming	100	0	unseen	1740	0.0	0.0	0.0	0.9827586206896551	0.0
spore-forming	100	10	seen	1500	0.006	0.0013333333333333333	0.004666666666666667	1.0	0.03473891626
spore-forming	100	10	unseen	1740	0.0022988505747126436	0.0022988505747126436	0.0	0.9827586206896551	0.030694683477011493
spore-forming	100	5	seen	1500	0.0	0.0	0.0	1.0	0.020467597953333333
spore-forming	100	5	unseen	1740	0.0005747126436781609	0.0005747126436781609	0.0	0.9827586206896551	0.019778662942528735
spore-forming	30	0	seen	1500	0.06666666666666667	0.06666666666666667	0.0	0.8928571428571429	0.06514936638
spore-forming	30	0	unseen	1740	0.20689655172413793	0.20689655172413793	0.0	0.6379310344827587	0.12309179643678161
spore-forming	40	0	seen	1500	0.06666666666666667	0.06666666666666667	0.0	0.8928571428571429	0.05843247532666667
spore-forming	40	0	unseen	1740	0.20689655172413793	0.20689655172413793	0.0	0.6379310344827587	0.10925251276436783
spore-forming	50	0	seen	1500	0.059333333333333335	0.059333333333333335	0.0	0.9107142857142857	0.05039831646
spore-forming	50	0	unseen	1740	0.20172413793103447	0.20172413793103447	0.0	0.653448275862069	0.09497640302873564
spore-forming	60	0	seen	1500	0.038	0.038	0.0	0.9642857142857143	0.04285786524666667
spore-forming	60	0	unseen	1740	0.18045977011494252	0.18045977011494252	0.0	0.7172413793103448	0.08019286840804599
spore-forming	70	0	seen	1500	0.02	0.02	0.0	0.9892857142857143	0.03501352776
spore-forming	70	0	unseen	1740	0.1396551724137931	0.1396551724137931	0.0	0.8275862068965517	0.06378013652873563
spore-forming	70	10	seen	1500	0.024	0.024	0.0	0.9928571428571429	0.047503929753333334
spore-forming	70	10	unseen	1740	0.1454022988505747	0.1454022988505747	0.0	0.8068965517241379	0.07292642640229885
spore-forming	70	5	seen	1500	0.021333333333333333	0.021333333333333333	0.0	0.9964285714285714	0.04027240134666667
spore-forming	70	5	unseen	1740	0.14080459770114942	0.14080459770114942	0.0	0.8189655172413793	0.06838982902873564
spore-forming	80	0	seen	1500	0.01	0.01	0.0	1.0	0.026017184920000002
spore-forming	80	0	unseen	1740	0.10114942528735632	0.10114942528735632	0.0	0.9017241379310345	0.04760224979310345
spore-forming	90	0	seen	1500	0.006	0.006	0.0	1.0	0.016752703673333334
spore-forming	90	0	unseen	1740	0.038505747126436785	0.038505747126436785	0.0	0.9655172413793104	0.028128994816091952
thermophile	100	0	seen	1500	0.0	0.0	0.0	0.9794520547945206	0.0
thermophile	100	0	unseen	1740	0.0	0.0	0.0	0.9881656804733728	0.0
thermophile	100	10	seen	1500	0.044	0.043333333333333335	0.0006666666666666666	0.9356164383561644	0.03650089302666667
thermophile	100	10	unseen	1740	0.008045977011494253	0.008045977011494253	0.0	0.9911242603550295	0.03872535651724138
thermophile	100	5	seen	1500	0.03133333333333333	0.03133333333333333	0.0	0.9472602739726027	0.025123543593333332
thermophile	100	5	unseen	1740	0.005747126436781609	0.005747126436781609	0.0	0.9923076923076923	0.026645937505747126
thermophile	30	0	seen	1500	0.158	0.15733333333333333	0.0006666666666666666	0.8171232876712329	0.13359137034000002
thermophile	30	0	unseen	1740	0.17471264367816092	0.17471264367816092	0.0	0.8319526627218935	0.15367268702298853
thermophile	40	0	seen	1500	0.14533333333333334	0.14533333333333334	0.0	0.8301369863013699	0.12304807600666667
thermophile	40	0	unseen	1740	0.15862068965517243	0.15862068965517243	0.0	0.8473372781065088	0.13903612953448274
thermophile	50	0	seen	1500	0.11133333333333334	0.11133333333333334	0.0	0.8650684931506849	0.10577553684
thermophile	50	0	unseen	1740	0.11551724137931034	0.11551724137931034	0.0	0.8887573964497042	0.12436131829885058
thermophile	60	0	seen	1500	0.09466666666666666	0.094	0.0006666666666666666	0.8821917808219178	0.09382839441999999
thermophile	60	0	unseen	1740	0.08045977011494253	0.08045977011494253	0.0	0.9224852071005917	0.10397408365517241
thermophile	70	0	seen	1500	0.07	0.07	0.0	0.9075342465753424	0.07383008373333334
thermophile	70	0	unseen	1740	0.03908045977011494	0.03908045977011494	0.0	0.9615384615384616	0.08411054411494252
thermophile	70	10	seen	1500	0.08466666666666667	0.084	0.0006666666666666666	0.8924657534246575	0.08802976450666668
thermophile	70	10	unseen	1740	0.054022988505747126	0.052873563218390804	0.0011494252873563218	0.9497041420118343	0.09555547455747126
thermophile	70	5	seen	1500	0.072	0.072	0.0	0.9054794520547945	0.08068369526666667
thermophile	70	5	unseen	1740	0.04482758620689655	0.044252873563218394	0.0005747126436781609	0.9597633136094674	0.08829864554022988
thermophile	80	0	seen	1500	0.04933333333333333	0.04933333333333333	0.0	0.9287671232876712	0.053517842079999996
thermophile	80	0	unseen	1740	0.014942528735632184	0.014942528735632184	0.0	0.9863905325443787	0.058079102425287354
thermophile	90	0	seen	1500	0.034666666666666665	0.034666666666666665	0.0	0.9438356164383561	0.0314460927
thermophile	90	0	unseen	1740	0.005747126436781609	0.005747126436781609	0.0	0.9923076923076923	0.033228636298850575
