genome	taxon	trait	label	positive_probability
GCA_000010785.1	Hydrogenobacter thermophilus	anaerobic	0	0.59521404
GCA_000010985.1	Deferribacter desulfuricans	motile2+	0	0.61333914
GCA_000012485.1	Chlorobium luteolum	gram-positive	1	0.03363608
GCA_000014945.1	Methanothrix thermoacetophila	thermophile	1	0.40438276
GCA_000019965.1	Opitutus terrae	aerobic	0	0.57419868
GCA_000021945.1	Chloroflexus aggregans	thermophile	1	0.48634151
GCA_000024985.1	Sphaerobacter thermophilus	gram-positive	1	0.49311009
GCA_000092045.1	Rhizobium etli	motile2+	0	0.72632249
GCA_000179015.2	Alicycliphilus denitrificans	aerobic	0	0.83672765
GCA_000183405.1	Calditerrivibrio nitroreducens	thermophile	1	0.24702622
GCA_000219725.1	Gracilinema caldarium	thermophile	1	0.46717667
GCA_000252445.1	Deinococcus gobiensis	gram-positive	1	0.4012816
GCA_000317835.1	Deinococcus peraridilitoris	gram-positive	0	0.56123961
GCA_000317835.1	Deinococcus peraridilitoris	aerobic	0	0.86387363
GCA_000591035.1	Aeropyrum camini	anaerobic	0	0.51955669
GCA_000695095.2	Gemmatimonas phototrophica	aerobic	0	0.70351956
GCA_000699585.2	Peptoclostridium litorale	gram-positive	0	0.50373144
GCA_001634285.1	Anoxybacillus amylolyticus	aerobic	0	0.65376816
GCA_001886815.1	Caldithrix abyssi	anaerobic	1	0.47424944
GCA_001983995.1	Halioglobus japonicus	motile2+	0	0.6500242
GCA_002218045.2	Vibrio rumoiensis	aerobic	1	0.30492914
GCA_008728915.1	Mycoplasmoides gallisepticum	gram-positive	0	0.50199341
GCA_015277775.1	Paludibaculum fermentans	aerobic	0	0.71977003
GCA_015326545.1	Mammaliicoccus fleurettii	aerobic	1	0.41373303
GCA_016889385.1	Haemophilus parahaemolyticus	aerobic	1	0.09461808
GCA_022870485.1	Halococcus dombrowskii	gram-positive	1	0.05890548
GCA_022870985.1	Kingella potus	aerobic	1	0.38128214
GCA_025837015.1	Oceanotoga sp.	thermophile	0	0.52544098
GCA_025999835.1	Caldinitratiruptor microaerophilus	aerobic	0	0.50319422
GCA_026651875.1	Alicyclobacillus fastidiosus	motile2+	0	0.65415719
GCA_026735165.1	Clostridium ganghwense	spore-forming	0	0.52397487
GCA_030067815.1	Sporosarcina thermotolerans	motile2+	0	0.62431976
GCA_030813115.1	Bacillus horti	gram-positive	0	0.72084944
GCA_041428895.1	Sporomusa aerivorans	gram-positive	1	0.11297136
GCA_043193855.2	Xanthobacter wiegelii	motile2+	0	0.58717088
