ips_version	pfam	direction	genomes
5.74-105.0	PF01000	gained	55
5.74-105.0	PF02875	gained	55
5.74-105.0	PF01728	gained	48
5.74-105.0	PF06968	gained	47
5.74-105.0	PF14450	gained	47
5.74-105.0	PF02683	gained	34
5.74-105.0	PF13245	gained	32
5.74-105.0	PF03372	gained	31
5.74-105.0	PF19306	gained	31
5.74-105.0	PF01882	gained	28
5.74-105.0	PF01713	gained	25
5.74-105.0	PF11799	gained	23
5.74-105.0	PF01138	gained	20
5.74-105.0	PF13692	gained	19
5.74-105.0	PF13579	gained	15
5.74-105.0	PF01368	gained	14
5.74-105.0	PF01193	gained	13
5.74-105.0	PF01734	gained	13
5.74-105.0	PF01985	gained	13
5.74-105.0	PF01467	gained	11
5.74-105.0	PF14667	gained	11
5.74-105.0	PF01832	gained	9
5.74-105.0	PF00549	gained	8
5.74-105.0	PF01614	gained	8
5.74-105.0	PF01058	gained	7
5.74-105.0	PF01547	gained	7
5.74-105.0	PF12849	gained	7
5.63-95.0	PF00145	gained	6
5.74-105.0	PF00145	gained	6
5.74-105.0	PF00665	gained	6
5.74-105.0	PF00723	gained	6
5.74-105.0	PF02537	gained	6
5.74-105.0	PF03255	gained	6
5.74-105.0	PF04336	gained	6
5.74-105.0	PF13476	gained	6
5.74-105.0	PF17763	gained	6
5.74-105.0	PF00532	gained	5
5.74-105.0	PF01232	gained	5
5.74-105.0	PF02190	gained	5
5.74-105.0	PF03600	gained	5
5.74-105.0	PF16653	gained	5
5.63-95.0	PF01061	gained	4
5.63-95.0	PF02627	gained	4
5.63-95.0	PF02661	gained	4
5.63-95.0	PF03328	gained	4
5.63-95.0	PF03412	gained	4
5.74-105.0	PF01243	gained	4
5.74-105.0	PF01555	gained	4
5.74-105.0	PF01609	gained	4
5.74-105.0	PF01613	gained	4
5.74-105.0	PF01730	gained	4
5.74-105.0	PF03328	gained	4
5.74-105.0	PF03473	gained	4
5.74-105.0	PF03734	gained	4
5.74-105.0	PF04313	gained	4
5.74-105.0	PF04851	gained	4
5.74-105.0	PF08534	gained	4
5.74-105.0	PF14815	gained	4
5.63-95.0	PF00016	gained	3
5.63-95.0	PF00150	gained	3
5.63-95.0	PF00465	gained	3
5.63-95.0	PF00665	gained	3
5.63-95.0	PF00872	gained	3
5.63-95.0	PF01555	gained	3
5.63-95.0	PF01610	gained	3
5.63-95.0	PF01614	gained	3
5.63-95.0	PF01968	gained	3
5.63-95.0	PF04313	gained	3
5.63-95.0	PF04586	gained	3
5.63-95.0	PF04984	gained	3
5.63-95.0	PF05378	gained	3
5.63-95.0	PF06769	gained	3
5.63-95.0	PF09250	gained	3
5.63-95.0	PF18766	gained	3
5.74-105.0	PF00016	gained	3
5.74-105.0	PF00465	gained	3
5.74-105.0	PF00639	gained	3
5.74-105.0	PF01292	gained	3
5.74-105.0	PF01610	gained	3
5.74-105.0	PF01757	gained	3
5.74-105.0	PF01869	gained	3
5.74-105.0	PF01968	gained	3
5.74-105.0	PF02585	gained	3
5.74-105.0	PF03412	gained	3
5.74-105.0	PF04468	gained	3
5.74-105.0	PF04586	gained	3
5.74-105.0	PF05193	gained	3
5.74-105.0	PF05368	gained	3
5.74-105.0	PF05378	gained	3
5.74-105.0	PF06769	gained	3
5.74-105.0	PF08808	gained	3
5.74-105.0	PF13304	gained	3
5.74-105.0	PF18766	gained	3
5.63-95.0	PF00078	gained	2
5.63-95.0	PF00135	gained	2
5.63-95.0	PF00251	gained	2
5.63-95.0	PF00723	gained	2
5.63-95.0	PF00768	gained	2
5.63-95.0	PF00903	gained	2
5.63-95.0	PF01055	gained	2
