genome	ips_version	jaccard	n_ours	n_published	n_gained	n_lost	prediction_changes	accession_match
GCA_000008185.1	5.74-105.0	0.5714285714285714	887	1489	23	625	1	exact
GCA_000009705.1	5.74-105.0	0.650996015936255	1715	2429	81	795	0	exact
GCA_000011085.1	5.74-105.0	0.5138964577656676	1136	1642	193	699	0	exact
GCA_000012485.1	5.74-105.0	0.6	1004	1588	32	616	0	exact
GCA_000016385.1	5.74-105.0	0.5125324114088159	615	1135	22	542	0	exact
GCA_000017805.1	5.74-105.0	0.5970292285577384	1290	2043	44	797	0	exact
GCA_000018285.1	5.74-105.0	0.6537710042985542	1753	2479	80	806	0	exact
GCA_000020465.1	5.74-105.0	0.6082238720731011	1098	1718	33	653	0	exact
GCA_000020985.1	5.74-105.0	0.6334610472541508	1025	1533	33	541	0	exact
GCA_000021645.1	5.74-105.0	0.6287300485773768	939	1408	33	502	0	exact
GCA_000021685.1	5.74-105.0	0.6159718144450969	1086	1666	37	617	1	exact
GCA_000021945.1	5.74-105.0	0.6097930338213023	1250	1939	42	731	1	exact
GCA_000024405.1	5.74-105.0	0.6284627919608908	1204	1794	47	637	0	exact
GCA_000024565.1	5.74-105.0	0.5794392523364486	636	1054	16	434	1	exact
GCA_000024845.1	5.74-105.0	0.6074111166750125	1263	1947	50	734	1	exact
GCA_000024905.1	5.74-105.0	0.6217510259917921	935	1436	26	527	2	exact
GCA_000024985.1	5.74-105.0	0.6037533512064344	1166	1825	40	699	1	exact
GCA_000025185.1	5.74-105.0	0.5682370082564352	1215	2014	45	844	0	exact
GCA_000025325.1	5.74-105.0	0.5221285563751317	1159	1730	168	739	0	exact
GCA_000025605.1	5.74-105.0	0.6217423678332092	857	1321	22	486	1	exact
GCA_000025725.1	5.74-105.0	0.6210526315789474	1154	1772	33	651	0	exact
GCA_000025905.1	5.74-105.0	0.5797425853385563	1065	1758	29	722	0	exact
GCA_000153625.1	5.74-105.0	0.6222080408423739	1003	1539	28	564	0	exact
GCA_000183405.1	5.74-105.0	0.6426370918052988	1076	1590	33	547	0	exact
GCA_000186385.1	5.74-105.0	0.6004262120404902	1173	1831	46	704	0	exact
GCA_000188315.1	5.74-105.0	0.603874415497662	940	1461	36	557	0	exact
GCA_000191045.1	5.74-105.0	0.6299924642049737	858	1305	22	469	0	exact
GCA_000212915.1	5.74-105.0	0.6299885974914481	1146	1713	41	608	0	exact
GCA_000214725.1	5.74-105.0	0.574271499644634	848	1367	40	559	0	exact
GCA_000219725.1	5.74-105.0	0.5976945244956773	1067	1705	30	668	2	exact
GCA_000231405.3	5.74-105.0	0.6425293217746048	1302	1919	42	659	0	exact
GCA_000233715.3	5.74-105.0	0.6377079482439926	1435	2109	55	729	0	exact
GCA_000237825.1	5.74-105.0	0.6180316586373021	921	1430	23	532	1	exact
GCA_000242255.3	5.74-105.0	0.6208791208791209	1418	2122	62	766	0	exact
GCA_000310065.1	5.74-105.0	0.5973262032085561	1172	1815	55	698	0	exact
GCA_000317495.1	5.74-105.0	0.6378636561007381	1536	2236	67	767	1	exact
GCA_000317835.1	5.74-105.0	0.5935643564356435	1247	1972	48	773	0	exact
GCA_000331735.1	5.74-105.0	0.5729241877256318	1667	2690	80	1103	0	exact
GCA_000349975.1	5.74-105.0	0.5759493670886076	847	1394	28	575	0	exact
GCA_000402035.1	5.74-105.0	0.6607669616519174	1869	2635	77	843	0	exact
GCA_000504105.1	5.74-105.0	0.6200692041522491	926	1415	30	519	1	exact
GCA_000511385.1	5.74-105.0	0.6341358555460017	1524	2277	49	802	0	exact
GCA_000512735.1	5.74-105.0	0.6234247590808006	868	1322	27	481	0	exact
GCA_000695095.2	5.74-105.0	0.587178241864983	1249	2019	40	810	1	exact
GCA_000734015.1	5.74-105.0	0.6189488243430152	923	1418	28	523	0	exact
GCA_000755145.1	5.74-105.0	0.5713346482577252	890	1500	21	631	1	exact
GCA_000816305.1	5.74-105.0	0.5692640692640693	815	1360	26	571	0	exact
GCA_000959725.1	5.74-105.0	0.6501214855952794	1948	2806	75	933	0	exact
GCA_001017655.1	5.74-105.0	0.591349257585539	950	1515	34	599	0	exact
GCA_001027025.1	5.74-105.0	0.6034359341445955	861	1379	18	536	0	exact
GCA_001027545.1	5.74-105.0	0.6031483015741508	750	1185	22	457	0	exact
GCA_001263395.1	5.74-105.0	0.5801724137931035	701	1132	28	459	0	exact
GCA_001305575.3	5.74-105.0	0.6218951241950322	1424	2102	72	750	0	exact
GCA_001305675.1	5.74-105.0	0.5955216769890423	1318	2031	68	781	0	exact
GCA_001481685.1	5.74-105.0	0.5005224660397074	499	937	20	458	1	exact
GCA_001482365.1	5.74-105.0	0.5957446808510638	1175	1825	55	705	0	exact
GCA_001542625.2	5.74-105.0	0.6303267045454546	1889	2702	114	927	0	exact
GCA_001548275.1	5.74-105.0	0.6074700493305144	889	1392	27	530	0	exact
GCA_001563245.1	5.74-105.0	0.5643485211830536	745	1212	39	506	0	exact
GCA_001618865.1	5.74-105.0	0.5801558015580156	1474	2380	59	965	0	exact
GCA_001634285.1	5.74-105.0	0.6786034019695614	1584	2166	68	650	0	exact
GCA_001644645.1	5.74-105.0	0.589334548769371	1340	2147	47	854	0	exact
GCA_001676785.2	5.74-105.0	0.5731865284974094	912	1517	27	632	1	exact
GCA_001687585.2	5.74-105.0	0.643756050338819	1379	2017	49	687	1	exact
GCA_001701045.1	5.74-105.0	0.5997645673925839	1045	1673	26	654	0	exact
GCA_001747405.1	5.74-105.0	0.6072874493927125	1083	1696	33	646	0	exact
GCA_001831475.1	5.74-105.0	0.6088185415488977	1115	1731	38	654	0	exact
GCA_001831495.1	5.74-105.0	0.6197870452528838	1461	2190	64	793	0	exact
GCA_001886815.1	5.74-105.0	0.609129814550642	1327	2057	46	776	1	exact
GCA_001931535.1	5.74-105.0	0.5480286738351254	1599	2720	70	1191	0	exact
GCA_001941565.1	5.74-105.0	0.5936352509179926	1014	1590	44	620	1	exact
GCA_001953175.1	5.74-105.0	0.5966447848285923	844	1345	26	527	1	exact
GCA_002022125.1	5.74-105.0	0.5870406189555126	1290	1992	76	778	0	exact
GCA_002407065.1	5.74-105.0	0.6062699256110521	1194	1829	53	688	0	exact
GCA_002688605.1	5.74-105.0	0.6506069802731411	1839	2512	124	797	0	exact
GCA_002736065.1	5.74-105.0	0.6152002738788086	1904	2814	107	1017	0	exact
GCA_002812485.1	5.74-105.0	0.6816849816849817	1948	2643	87	782	0	exact
GCA_002814135.1	5.74-105.0	0.5887417218543046	933	1466	44	577	0	exact
GCA_002945325.1	5.74-105.0	0.5924499229583975	803	1264	34	495	0	exact
GCA_003173015.1	5.74-105.0	0.5907269605037206	1069	1710	37	678	0	exact
GCA_003201675.2	5.74-105.0	0.5303913405495421	664	1174	27	537	0	exact
GCA_003258605.2	5.74-105.0	0.6235246235246236	1626	2363	94	831	0	exact
GCA_003345255.1	5.74-105.0	0.6535211267605634	1449	2073	57	681	0	exact
GCA_003359295.2	5.74-105.0	0.5709721588315837	1325	2117	74	866	0	exact
GCA_003363775.1	5.74-105.0	0.44264943457189015	280	613	6	339	1	exact
GCA_003716935.1	5.74-105.0	0.5761679079214624	876	1452	25	601	0	exact
GCA_003722335.1	5.74-105.0	0.6054827175208581	1595	2446	71	922	0	exact
GCA_003795125.1	5.74-105.0	0.6419672131147541	1036	1468	57	489	0	exact
GCA_003860565.1	5.74-105.0	0.5954674220963173	1084	1732	33	681	0	exact
GCA_003925935.1	5.74-105.0	0.4331896551724138	206	459	5	258	0	exact
GCA_004006475.1	5.74-105.0	0.6375579598145286	1758	2480	108	830	1	exact
GCA_004063735.1	5.74-105.0	0.6518518518518519	1644	2370	60	786	0	exact
GCA_004087915.1	5.74-105.0	0.6139275766016713	1136	1761	34	659	0	exact
GCA_004208635.1	5.74-105.0	0.5812574139976275	1030	1636	50	656	0	exact
GCA_004359195.1	5.74-105.0	0.5932671081677704	1116	1771	41	696	0	exact
GCA_004359375.1	5.74-105.0	0.6117982873453853	671	1023	28	380	1	exact
GCA_004924335.1	5.74-105.0	0.6208869814020028	1381	2018	79	716	0	exact
GCA_005671395.1	5.74-105.0	0.6771084337349398	2068	2804	101	837	0	exact
GCA_006159205.1	5.74-105.0	0.597007722007722	1288	2021	51	784	0	exact
GCA_006704205.1	5.74-105.0	0.6632144227080936	1819	2517	90	788	0	exact
GCA_007641255.1	5.74-105.0	0.647085201793722	1498	2175	55	732	0	exact
GCA_007751035.1	5.74-105.0	0.562800875273523	1341	2230	55	944	0	exact
GCA_007751715.1	5.74-105.0	0.5640439158279963	1275	2144	42	911	1	exact
GCA_007753265.1	5.74-105.0	0.5642484589853011	1238	2061	48	871	0	exact
GCA_007795095.1	5.74-105.0	0.6042296072507553	1254	1932	54	732	0	exact
GCA_008000815.1	5.74-105.0	0.541991341991342	1378	2184	126	932	0	exact
GCA_008118345.1	5.74-105.0	0.5621865596790371	1213	1902	92	781	0	exact
GCA_008369805.1	5.74-105.0	0.6166556510244547	997	1449	64	516	0	exact
GCA_008728195.1	5.74-105.0	0.622626582278481	1634	2468	60	894	0	exact
GCA_008728915.1	5.74-105.0	0.4911937377690802	255	507	4	256	0	exact
GCA_009496975.1	5.74-105.0	0.6383169203222918	745	1085	32	372	0	exact
GCA_009936215.1	5.74-105.0	0.5994494150034412	895	1429	24	558	1	exact
GCA_010725725.1	5.74-105.0	0.6176470588235294	1438	2082	94	738	0	exact
GCA_010728525.1	5.74-105.0	0.6247086247086248	1428	2057	88	717	0	exact
GCA_010729485.1	5.74-105.0	0.6175	1315	1920	80	685	0	exact
GCA_010731115.1	5.74-105.0	0.6111111111111112	1520	2221	101	802	0	exact
GCA_011299095.1	5.74-105.0	0.6021831412977562	1038	1604	45	611	1	exact
GCA_011398155.1	5.74-105.0	0.6202672605790646	1155	1755	41	641	1	exact
GCA_011455695.1	5.74-105.0	0.6390816871329418	1270	1800	73	603	0	exact
GCA_011764585.1	5.74-105.0	0.633303808680248	1504	2184	74	754	0	exact
GCA_012317585.1	5.74-105.0	0.6330213903743316	975	1468	28	521	0	exact
GCA_013372125.1	5.74-105.0	0.5911016949152542	866	1387	29	550	0	exact
GCA_013488225.1	5.74-105.0	0.6523702031602708	1804	2588	70	854	0	exact
GCA_014131695.1	5.74-105.0	0.5889679715302492	1025	1654	32	661	0	exact
GCA_014883875.1	5.74-105.0	0.623032904148784	1934	2604	192	862	0	exact
GCA_015140235.1	5.74-105.0	0.6201982651796778	1036	1579	35	578	0	exact
GCA_015160875.1	5.74-105.0	0.6252361163581412	1753	2549	98	894	0	exact
GCA_015219785.1	5.74-105.0	0.5461794019933555	862	1465	40	643	1	exact
GCA_015277775.1	5.74-105.0	0.5695364238410596	1537	2492	75	1030	1	exact
GCA_015326545.1	5.74-105.0	0.5497106785902157	1169	1777	124	732	1	exact
GCA_016446285.1	5.74-105.0	0.6086021505376344	1179	1813	47	681	0	exact
GCA_016593255.1	5.74-105.0	0.591304347826087	983	1579	31	627	1	exact
GCA_016889385.1	5.74-105.0	0.6584668192219679	1195	1704	44	553	0	exact
GCA_019175325.1	5.74-105.0	0.5293233082706766	754	1280	50	576	1	exact
GCA_020310005.1	5.74-105.0	0.5756847669389716	1289	1990	91	792	0	exact
GCA_020735445.1	5.74-105.0	0.6100811123986095	1096	1683	43	630	0	exact
GCA_020735565.1	5.74-105.0	0.5991561181434599	1030	1623	36	629	0	exact
GCA_900097105.1	5.74-105.0	0.5516085790884718	865	1450	42	627	0	exact
GCA_900103875.1	5.74-105.0	0.6666666666666666	2025	2805	93	873	0	exact
GCA_900187125.1	5.74-105.0	0.5940548072457037	1340	2092	61	813	0	exact
GCA_900187205.1	5.74-105.0	0.6472962066182405	1669	2413	65	809	0	exact
GCA_900187215.1	5.74-105.0	0.59079754601227	1009	1584	46	621	1	exact
GCA_900187285.1	5.74-105.0	0.6340482573726541	976	1462	30	516	0	exact
GCA_900492555.1	5.74-105.0	0.5825932504440497	1048	1625	64	641	0	exact
GCA_900635475.1	5.74-105.0	0.6750176429075512	2014	2733	101	820	0	exact
GCA_900637655.1	5.74-105.0	0.6010765550239234	1046	1631	41	626	0	exact
GCA_900637725.1	5.74-105.0	0.5772960638904735	1063	1702	51	690	0	exact
GCA_900660485.1	5.74-105.0	0.44227005870841485	232	505	6	279	1	exact
GCA_902498835.1	5.74-105.0	0.5612980769230769	483	816	16	349	0	exact
GCA_904831005.1	5.74-105.0	0.5284974093264249	1138	1812	118	792	0	exact
GCA_000008185.1	5.63-95.0	0.6507723304231028	969	1489	0	520	0	exact
GCA_000009705.1	5.63-95.0	0.7365170852202553	1789	2429	0	640	0	exact
GCA_000011085.1	5.63-95.0	0.6583434835566383	1081	1642	0	561	0	exact
GCA_000012485.1	5.63-95.0	0.6756926952141058	1073	1588	0	515	0	exact
GCA_000016385.1	5.63-95.0	0.5982378854625551	679	1135	0	456	0	exact
GCA_000017805.1	5.63-95.0	0.697503671071953	1425	2043	0	618	0	exact
GCA_000018285.1	5.63-95.0	0.7341670028237193	1820	2479	0	659	0	exact
GCA_000020465.1	5.63-95.0	0.6938300349243306	1192	1718	0	526	0	exact
GCA_000020985.1	5.63-95.0	0.7097195042400521	1088	1533	0	445	0	exact
GCA_000021645.1	5.63-95.0	0.7130681818181818	1004	1408	0	404	0	exact
GCA_000021685.1	5.63-95.0	0.695078031212485	1158	1666	0	508	1	exact
GCA_000021945.1	5.63-95.0	0.6957194430118618	1349	1939	0	590	0	exact
GCA_000024405.1	5.63-95.0	0.7019498607242339	1261	1794	1	534	0	exact
GCA_000024565.1	5.63-95.0	0.6603415559772297	696	1054	0	358	1	exact
GCA_000024845.1	5.63-95.0	0.6990241397021058	1361	1947	0	586	1	exact
GCA_000024905.1	5.63-95.0	0.7040389972144847	1011	1436	0	425	1	exact
GCA_000024985.1	5.63-95.0	0.6942465753424657	1267	1825	0	558	0	exact
GCA_000025185.1	5.63-95.0	0.6534260178748759	1316	2014	0	698	0	exact
GCA_000025325.1	5.63-95.0	0.6572254335260116	1137	1730	0	593	0	exact
GCA_000025605.1	5.63-95.0	0.6911430734292203	913	1321	0	408	0	exact
GCA_000025725.1	5.63-95.0	0.6873589164785553	1218	1772	0	554	0	exact
GCA_000025905.1	5.63-95.0	0.6541524459613197	1150	1758	0	608	0	exact
GCA_000153625.1	5.63-95.0	0.6835607537361923	1052	1539	0	487	0	exact
GCA_000183405.1	5.63-95.0	0.7031446540880503	1118	1590	0	472	0	exact
GCA_000186385.1	5.63-95.0	0.681594756963408	1248	1831	0	583	0	exact
GCA_000188315.1	5.63-95.0	0.6824093086926762	997	1461	0	464	0	exact
GCA_000191045.1	5.63-95.0	0.7026819923371648	917	1305	0	388	1	exact
GCA_000212915.1	5.63-95.0	0.7081144191476941	1213	1713	0	500	0	exact
GCA_000214725.1	5.63-95.0	0.6642282370153622	908	1367	0	459	0	exact
GCA_000219725.1	5.63-95.0	0.6656891495601173	1135	1705	0	570	0	exact
GCA_000231405.3	5.63-95.0	0.720166753517457	1382	1919	0	537	0	exact
GCA_000233715.3	5.63-95.0	0.7136083451872925	1505	2109	0	604	0	exact
GCA_000237825.1	5.63-95.0	0.7013986013986014	1003	1430	0	427	0	exact
GCA_000242255.3	5.63-95.0	0.704052780395853	1494	2122	0	628	0	exact
GCA_000310065.1	5.63-95.0	0.6936639118457301	1259	1815	0	556	0	exact
GCA_000317495.1	5.63-95.0	0.7164579606440071	1602	2236	0	634	1	exact
GCA_000317835.1	5.63-95.0	0.6749492900608519	1331	1972	0	641	0	exact
GCA_000331735.1	5.63-95.0	0.6568773234200743	1767	2690	0	923	0	exact
GCA_000349975.1	5.63-95.0	0.6406025824964132	893	1394	0	501	0	exact
GCA_000402035.1	5.63-95.0	0.7464895635673624	1967	2635	0	668	0	exact
GCA_000504105.1	5.63-95.0	0.6925795053003534	980	1415	0	435	1	exact
GCA_000511385.1	5.63-95.0	0.7039964866051822	1603	2277	0	674	0	exact
GCA_000512735.1	5.63-95.0	0.697428139183056	922	1322	0	400	0	exact
GCA_000695095.2	5.63-95.0	0.6681525507677067	1349	2019	0	670	1	exact
GCA_000734015.1	5.63-95.0	0.6861777150916785	973	1418	0	445	0	exact
GCA_000755145.1	5.63-95.0	0.642	963	1500	0	537	0	exact
GCA_000816305.1	5.63-95.0	0.6441176470588236	876	1360	0	484	0	exact
GCA_000959725.1	5.63-95.0	0.7409123307198859	2079	2806	0	727	0	exact
GCA_001017655.1	5.63-95.0	0.6613861386138614	1002	1515	0	513	0	exact
GCA_001027025.1	5.63-95.0	0.6751269035532995	931	1379	0	448	0	exact
GCA_001027545.1	5.63-95.0	0.6776371308016877	803	1185	0	382	0	exact
GCA_001263395.1	5.63-95.0	0.6651943462897526	753	1132	0	379	0	exact
GCA_001305575.3	5.63-95.0	0.7007611798287345	1473	2102	0	629	0	exact
GCA_001305675.1	5.63-95.0	0.6888232397833579	1399	2031	0	632	0	exact
GCA_001481685.1	5.63-95.0	0.5731056563500534	537	937	0	400	1	exact
GCA_001482365.1	5.63-95.0	0.6865753424657535	1253	1825	0	572	0	exact
GCA_001542625.2	5.63-95.0	0.7246484085862325	1958	2702	0	744	0	exact
GCA_001548275.1	5.63-95.0	0.6853448275862069	954	1392	0	438	0	exact
GCA_001563245.1	5.63-95.0	0.6521022258862325	792	1212	1	421	0	exact
GCA_001618865.1	5.63-95.0	0.6546218487394958	1558	2380	0	822	0	exact
GCA_001634285.1	5.63-95.0	0.7636195752539243	1654	2166	0	512	0	exact
GCA_001644645.1	5.63-95.0	0.6637168141592921	1425	2147	0	722	0	exact
GCA_001676785.2	5.63-95.0	0.6446934739617667	978	1517	0	539	1	exact
GCA_001687585.2	5.63-95.0	0.729300941993059	1471	2017	0	546	1	exact
GCA_001701045.1	5.63-95.0	0.6796174536760311	1137	1673	0	536	0	exact
GCA_001747405.1	5.63-95.0	0.6869103773584906	1165	1696	0	531	0	exact
GCA_001831475.1	5.63-95.0	0.681686886192952	1180	1731	0	551	0	exact
GCA_001831495.1	5.63-95.0	0.7063926940639269	1547	2190	0	643	0	exact
GCA_001886815.1	5.63-95.0	0.6937287311618863	1427	2057	0	630	0	exact
GCA_001931535.1	5.63-95.0	0.61875	1683	2720	0	1037	0	exact
GCA_001941565.1	5.63-95.0	0.6761006289308176	1075	1590	0	515	1	exact
GCA_001953175.1	5.63-95.0	0.6721189591078067	904	1345	0	441	1	exact
GCA_002022125.1	5.63-95.0	0.6673277144273674	1371	1992	25	646	0	exact
GCA_002407065.1	5.63-95.0	0.693821760524877	1269	1829	0	560	0	exact
GCA_002688605.1	5.63-95.0	0.7327080890973037	1922	2512	47	637	0	exact
GCA_002736065.1	5.63-95.0	0.6917663617171006	1994	2814	28	848	0	exact
GCA_002812485.1	5.63-95.0	0.7729852440408627	2043	2643	0	600	0	exact
GCA_002814135.1	5.63-95.0	0.6630727762803235	1002	1466	18	482	0	exact
GCA_002945325.1	5.63-95.0	0.6748417721518988	853	1264	0	411	0	exact
GCA_003173015.1	5.63-95.0	0.6666666666666666	1140	1710	0	570	0	exact
GCA_003201675.2	5.63-95.0	0.6183986371379898	726	1174	0	448	0	exact
GCA_003258605.2	5.63-95.0	0.7194244604316546	1700	2363	0	663	0	exact
GCA_003345255.1	5.63-95.0	0.7342016401350699	1522	2073	0	551	0	exact
GCA_003359295.2	5.63-95.0	0.648623425104993	1416	2117	26	727	0	exact
GCA_003363775.1	5.63-95.0	0.5203915171288744	319	613	0	294	0	exact
GCA_003716935.1	5.63-95.0	0.65633608815427	953	1452	0	499	0	exact
GCA_003722335.1	5.63-95.0	0.6836734693877551	1679	2446	4	771	0	exact
GCA_003795125.1	5.63-95.0	0.7223719676549866	1088	1468	16	396	0	exact
GCA_003860565.1	5.63-95.0	0.6732101616628176	1166	1732	0	566	0	exact
GCA_003925935.1	5.63-95.0	0.5	231	459	1	229	0	exact
GCA_004006475.1	5.63-95.0	0.7182144280589876	1831	2480	29	678	1	exact
GCA_004063735.1	5.63-95.0	0.7219409282700422	1711	2370	0	659	0	exact
GCA_004087915.1	5.63-95.0	0.6848381601362862	1206	1761	0	555	0	exact
GCA_004208635.1	5.63-95.0	0.6774587660354306	1110	1636	1	527	0	exact
GCA_004359195.1	5.63-95.0	0.6708074534161491	1188	1771	0	583	0	exact
GCA_004359375.1	5.63-95.0	0.6862170087976539	702	1023	0	321	1	exact
GCA_004924335.1	5.63-95.0	0.72001982160555	1453	2018	0	565	0	exact
GCA_005671395.1	5.63-95.0	0.7692582025677603	2157	2804	0	647	0	exact
GCA_006159205.1	5.63-95.0	0.6808510638297872	1376	2021	0	645	0	exact
GCA_006704205.1	5.63-95.0	0.7433452522844657	1871	2517	0	646	0	exact
GCA_007641255.1	5.63-95.0	0.7227586206896551	1572	2175	0	603	0	exact
GCA_007751035.1	5.63-95.0	0.6475336322869956	1444	2230	0	786	0	exact
GCA_007751715.1	5.63-95.0	0.6539179104477612	1402	2144	0	742	1	exact
GCA_007753265.1	5.63-95.0	0.6477438136826783	1335	2061	0	726	0	exact
GCA_007795095.1	5.63-95.0	0.69824016563147	1349	1932	0	583	0	exact
GCA_008000815.1	5.63-95.0	0.6104240282685512	1462	2184	80	802	0	exact
GCA_008118345.1	5.63-95.0	0.6264690853346959	1281	1902	55	676	0	exact
GCA_008369805.1	5.63-95.0	0.6928864569083447	1026	1449	13	436	0	exact
GCA_008728195.1	5.63-95.0	0.703808752025932	1737	2468	0	731	0	exact
GCA_008728915.1	5.63-95.0	0.5542406311637081	281	507	0	226	1	exact
GCA_009496975.1	5.63-95.0	0.7173112338858195	780	1085	1	306	0	exact
GCA_009936215.1	5.63-95.0	0.6850944716585025	979	1429	0	450	1	exact
GCA_010725725.1	5.63-95.0	0.7146282973621103	1493	2082	3	592	0	exact
GCA_010728525.1	5.63-95.0	0.7248420029168692	1491	2057	0	566	0	exact
GCA_010729485.1	5.63-95.0	0.7151767151767152	1380	1920	4	544	0	exact
GCA_010731115.1	5.63-95.0	0.7032868077442593	1562	2221	0	659	0	exact
GCA_011299095.1	5.63-95.0	0.683291770573566	1096	1604	0	508	0	exact
GCA_011398155.1	5.63-95.0	0.705982905982906	1239	1755	0	516	1	exact
GCA_011455695.1	5.63-95.0	0.7180327868852459	1344	1800	30	486	0	exact
GCA_011764585.1	5.63-95.0	0.7178783721993599	1573	2184	3	614	0	exact
GCA_012317585.1	5.63-95.0	0.7057220708446866	1036	1468	0	432	0	exact
GCA_013372125.1	5.63-95.0	0.6575342465753424	912	1387	0	475	0	exact
GCA_013488225.1	5.63-95.0	0.73145285935085	1893	2588	0	695	0	exact
GCA_014131695.1	5.63-95.0	0.6662636033857315	1102	1654	0	552	0	exact
GCA_014883875.1	5.63-95.0	0.695332598309445	2009	2604	117	712	0	exact
GCA_015140235.1	5.63-95.0	0.7055098163394553	1114	1579	0	465	0	exact
GCA_015160875.1	5.63-95.0	0.7171439780306003	1828	2549	0	721	0	exact
GCA_015219785.1	5.63-95.0	0.6223118279569892	949	1465	23	539	1	exact
GCA_015277775.1	5.63-95.0	0.6629213483146067	1652	2492	0	840	1	exact
GCA_015326545.1	5.63-95.0	0.6088580576307364	1238	1777	97	636	1	exact
GCA_016446285.1	5.63-95.0	0.6905681191395477	1252	1813	0	561	0	exact
GCA_016593255.1	5.63-95.0	0.6732108929702343	1063	1579	0	516	1	exact
GCA_016889385.1	5.63-95.0	0.7400234741784038	1261	1704	0	443	0	exact
GCA_019175325.1	5.63-95.0	0.6099071207430341	800	1280	12	492	1	exact
GCA_020310005.1	5.63-95.0	0.6498530852105778	1379	1990	52	663	0	exact
GCA_020735445.1	5.63-95.0	0.7035056446821153	1184	1683	0	499	0	exact
GCA_020735565.1	5.63-95.0	0.6950092421441775	1128	1623	0	495	0	exact
GCA_900097105.1	5.63-95.0	0.6323328785811733	943	1450	16	523	0	exact
GCA_900103875.1	5.63-95.0	0.7532976827094474	2113	2805	0	692	0	exact
GCA_900187125.1	5.63-95.0	0.6821223709369025	1427	2092	0	665	0	exact
GCA_900187205.1	5.63-95.0	0.7306257770410277	1763	2413	0	650	0	exact
GCA_900187215.1	5.63-95.0	0.6830808080808081	1082	1584	0	502	1	exact
GCA_900187285.1	5.63-95.0	0.7099863201094391	1038	1462	0	424	0	exact
GCA_900492555.1	5.63-95.0	0.6591737545565006	1106	1625	21	540	0	exact
GCA_900635475.1	5.63-95.0	0.7665568971825832	2095	2733	0	638	0	exact
GCA_900637655.1	5.63-95.0	0.6909871244635193	1127	1631	0	504	0	exact
GCA_900637725.1	5.63-95.0	0.6709753231492362	1142	1702	0	560	0	exact
GCA_900660485.1	5.63-95.0	0.499009900990099	252	505	0	253	1	exact
GCA_902498835.1	5.63-95.0	0.6303549571603427	516	816	1	301	0	exact
GCA_904831005.1	5.63-95.0	0.6173820879703232	1240	1812	75	647	0	exact
