trait,value,n_total,n_label0,n_label1,purity_majority,decision
gram-positive,negative,5523,5502,21,0.9962,0
gram-positive,positive,3713,26,3687,0.993,1
gram-positive,variable,95,64,31,0.6737,exclude
motile2+,amphitrichous,7,0,7,1.0,exclude
motile2+,gliding,184,184,0,1.0,0
motile2+,lophotrichous,19,0,19,1.0,exclude
motile2+,monopolar,5,0,5,1.0,exclude
motile2+,monotrichous,31,0,31,1.0,1
motile2+,"monotrichous, polar",128,2,126,0.9844,1
motile2+,no,4113,4093,20,0.9951,0
motile2+,peritrichous,163,5,158,0.9693,1
motile2+,polar,148,1,147,0.9932,1
motile2+,"polytrichous, monopolar",2,0,2,1.0,exclude
motile2+,subpolar,8,1,7,0.875,exclude
motile2+,yes,827,233,594,0.7183,exclude
anaerobic,aerobe,5021,4977,44,0.9912,0
anaerobic,aerotolerant,6,6,0,1.0,exclude
anaerobic,anaerobe,2610,311,2299,0.8808,exclude
anaerobic,facultative aerobe,82,79,3,0.9634,0
anaerobic,facultative anaerobe,1781,1728,53,0.9702,0
anaerobic,microaerophile,1170,1101,69,0.941,exclude
anaerobic,microaerotolerant,3,2,1,0.6667,exclude
anaerobic,obligate aerobe,1635,1629,6,0.9963,0
anaerobic,obligate anaerobe,141,6,135,0.9574,1
aerobic,aerobe,5021,347,4674,0.9309,exclude
aerobic,aerotolerant,6,6,0,1.0,exclude
aerobic,anaerobe,2610,2554,56,0.9785,0
aerobic,facultative aerobe,82,59,23,0.7195,exclude
aerobic,facultative anaerobe,1781,1586,195,0.8905,exclude
aerobic,microaerophile,1170,1023,147,0.8744,exclude
aerobic,microaerotolerant,3,3,0,1.0,exclude
aerobic,obligate aerobe,1635,24,1611,0.9853,1
aerobic,obligate anaerobe,141,140,1,0.9929,0
thermophile,growth-positive:-1.8-19,1,1,0,1.0,exclude
thermophile,growth-positive:-10-37,1,1,0,1.0,exclude
thermophile,growth-positive:-2-25,1,1,0,1.0,exclude
thermophile,growth-positive:-2-28,1,1,0,1.0,exclude
thermophile,growth-positive:0,1,1,0,1.0,exclude
thermophile,growth-positive:0-18,2,2,0,1.0,exclude
thermophile,growth-positive:0-19,1,1,0,1.0,exclude
thermophile,growth-positive:0-20,2,2,0,1.0,exclude
thermophile,growth-positive:0-22,2,2,0,1.0,exclude
thermophile,growth-positive:0-24,1,1,0,1.0,exclude
thermophile,growth-positive:0-25,9,9,0,1.0,exclude
thermophile,growth-positive:0-27,1,1,0,1.0,exclude
thermophile,growth-positive:0-28,1,1,0,1.0,exclude
thermophile,growth-positive:0-29,1,1,0,1.0,exclude
thermophile,growth-positive:0-30,3,3,0,1.0,exclude
thermophile,growth-positive:0-31,1,1,0,1.0,exclude
thermophile,growth-positive:0-32,2,2,0,1.0,exclude
thermophile,growth-positive:0-33,2,2,0,1.0,exclude
thermophile,growth-positive:0-34,1,1,0,1.0,exclude
thermophile,growth-positive:0-35,4,4,0,1.0,exclude
thermophile,growth-positive:0-36,2,2,0,1.0,exclude
thermophile,growth-positive:0-37,6,6,0,1.0,exclude
thermophile,growth-positive:0-40,3,3,0,1.0,exclude
thermophile,growth-positive:0-45,1,1,0,1.0,exclude
thermophile,growth-positive:0-46,1,1,0,1.0,exclude
thermophile,growth-positive:0.0-30.0,2,2,0,1.0,exclude
thermophile,growth-positive:01-05,1,1,0,1.0,exclude
thermophile,growth-positive:01-25,4,4,0,1.0,exclude
thermophile,growth-positive:01-30,3,3,0,1.0,exclude
thermophile,growth-positive:01-36,1,1,0,1.0,exclude
thermophile,growth-positive:01-37,2,2,0,1.0,exclude
thermophile,growth-positive:01-45,1,1,0,1.0,exclude
thermophile,growth-positive:02-12,1,1,0,1.0,exclude
thermophile,growth-positive:02-29,1,1,0,1.0,exclude
thermophile,growth-positive:02-30,1,1,0,1.0,exclude
thermophile,growth-positive:02-32,1,1,0,1.0,exclude
thermophile,growth-positive:02-33,2,2,0,1.0,exclude
thermophile,growth-positive:02-35,1,1,0,1.0,exclude
thermophile,growth-positive:02-37,1,1,0,1.0,exclude
thermophile,growth-positive:02-38,1,1,0,1.0,exclude
thermophile,growth-positive:02-40,1,1,0,1.0,exclude
thermophile,growth-positive:03-25,3,3,0,1.0,exclude
thermophile,growth-positive:03-26,1,1,0,1.0,exclude
thermophile,growth-positive:03-33,1,1,0,1.0,exclude
thermophile,growth-positive:03-44,1,1,0,1.0,exclude
thermophile,growth-positive:04-15,1,1,0,1.0,exclude
thermophile,growth-positive:04-20,1,1,0,1.0,exclude
thermophile,growth-positive:04-23,1,1,0,1.0,exclude
thermophile,growth-positive:04-25,13,13,0,1.0,exclude
thermophile,growth-positive:04-26,2,2,0,1.0,exclude
thermophile,growth-positive:04-27,1,1,0,1.0,exclude
thermophile,growth-positive:04-28,5,5,0,1.0,exclude
thermophile,growth-positive:04-29,2,2,0,1.0,exclude
thermophile,growth-positive:04-30,56,56,0,1.0,0
thermophile,growth-positive:04-31,5,5,0,1.0,exclude
thermophile,growth-positive:04-32,18,18,0,1.0,exclude
thermophile,growth-positive:04-33,8,8,0,1.0,exclude
thermophile,growth-positive:04-34,12,12,0,1.0,exclude
thermophile,growth-positive:04-35,24,24,0,1.0,exclude
thermophile,growth-positive:04-36,7,7,0,1.0,exclude
thermophile,growth-positive:04-37,85,85,0,1.0,0
thermophile,growth-positive:04-38,7,7,0,1.0,exclude
thermophile,growth-positive:04-39,4,4,0,1.0,exclude
thermophile,growth-positive:04-40,31,31,0,1.0,0
thermophile,growth-positive:04-41,7,7,0,1.0,exclude
thermophile,growth-positive:04-42,22,22,0,1.0,exclude
thermophile,growth-positive:04-43,5,5,0,1.0,exclude
thermophile,growth-positive:04-44,1,1,0,1.0,exclude
thermophile,growth-positive:04-45,22,22,0,1.0,exclude
thermophile,growth-positive:04-46,1,1,0,1.0,exclude
thermophile,growth-positive:04-48,2,2,0,1.0,exclude
thermophile,growth-positive:04-49,2,2,0,1.0,exclude
thermophile,growth-positive:04-50,6,6,0,1.0,exclude
thermophile,growth-positive:04-55,2,2,0,1.0,exclude
thermophile,growth-positive:04-60,1,1,0,1.0,exclude
thermophile,growth-positive:05-20,1,1,0,1.0,exclude
thermophile,growth-positive:05-22,1,1,0,1.0,exclude
thermophile,growth-positive:05-25,7,7,0,1.0,exclude
thermophile,growth-positive:05-30,13,13,0,1.0,exclude
thermophile,growth-positive:05-32,4,4,0,1.0,exclude
thermophile,growth-positive:05-33,4,4,0,1.0,exclude
thermophile,growth-positive:05-34,1,1,0,1.0,exclude
thermophile,growth-positive:05-35,20,20,0,1.0,exclude
thermophile,growth-positive:05-36,1,1,0,1.0,exclude
thermophile,growth-positive:05-37,17,17,0,1.0,exclude
thermophile,growth-positive:05-38,1,1,0,1.0,exclude
thermophile,growth-positive:05-39,1,1,0,1.0,exclude
thermophile,growth-positive:05-40,18,18,0,1.0,exclude
thermophile,growth-positive:05-41,2,2,0,1.0,exclude
thermophile,growth-positive:05-42,3,3,0,1.0,exclude
thermophile,growth-positive:05-44,1,1,0,1.0,exclude
thermophile,growth-positive:05-45,5,5,0,1.0,exclude
thermophile,growth-positive:05-46,1,1,0,1.0,exclude
thermophile,growth-positive:05-47,1,1,0,1.0,exclude
thermophile,growth-positive:05-48,1,1,0,1.0,exclude
thermophile,growth-positive:05-50,1,1,0,1.0,exclude
thermophile,growth-positive:06-20,1,1,0,1.0,exclude
thermophile,growth-positive:06-26,1,1,0,1.0,exclude
thermophile,growth-positive:06-30,1,1,0,1.0,exclude
thermophile,growth-positive:06-32,1,1,0,1.0,exclude
thermophile,growth-positive:06-35,1,1,0,1.0,exclude
thermophile,growth-positive:06-37,2,2,0,1.0,exclude
thermophile,growth-positive:06-40,1,1,0,1.0,exclude
thermophile,growth-positive:06-44,1,1,0,1.0,exclude
thermophile,growth-positive:06-45,5,5,0,1.0,exclude
thermophile,growth-positive:07-23,1,1,0,1.0,exclude
thermophile,growth-positive:07-30,1,1,0,1.0,exclude
thermophile,growth-positive:07-32,1,1,0,1.0,exclude
thermophile,growth-positive:07-37,1,1,0,1.0,exclude
thermophile,growth-positive:07-41,1,1,0,1.0,exclude
thermophile,growth-positive:07-42,3,3,0,1.0,exclude
thermophile,growth-positive:07-45,2,2,0,1.0,exclude
thermophile,growth-positive:07-55,1,1,0,1.0,exclude
thermophile,growth-positive:08-30,3,3,0,1.0,exclude
thermophile,growth-positive:08-31,1,1,0,1.0,exclude
thermophile,growth-positive:08-35,2,2,0,1.0,exclude
thermophile,growth-positive:08-37,4,4,0,1.0,exclude
thermophile,growth-positive:08-40,4,4,0,1.0,exclude
thermophile,growth-positive:08-43,2,2,0,1.0,exclude
thermophile,growth-positive:08-44,2,2,0,1.0,exclude
thermophile,growth-positive:08-45,1,1,0,1.0,exclude
thermophile,growth-positive:09-28,1,1,0,1.0,exclude
thermophile,growth-positive:09-32,2,2,0,1.0,exclude
thermophile,growth-positive:09-37,4,4,0,1.0,exclude
thermophile,growth-positive:1-20,3,3,0,1.0,exclude
thermophile,growth-positive:1-25,2,2,0,1.0,exclude
thermophile,growth-positive:1-30,1,1,0,1.0,exclude
thermophile,growth-positive:1-35,1,1,0,1.0,exclude
thermophile,growth-positive:1-37,2,2,0,1.0,exclude
thermophile,growth-positive:1.0,1,1,0,1.0,exclude
thermophile,growth-positive:1.0-25.0,1,1,0,1.0,exclude
thermophile,growth-positive:1.0-28.0,1,1,0,1.0,exclude
thermophile,growth-positive:10,52,52,0,1.0,0
thermophile,growth-positive:10-12,1,1,0,1.0,exclude
thermophile,growth-positive:10-15,6,6,0,1.0,exclude
thermophile,growth-positive:10-18,1,1,0,1.0,exclude
thermophile,growth-positive:10-20,4,4,0,1.0,exclude
thermophile,growth-positive:10-22,4,4,0,1.0,exclude
thermophile,growth-positive:10-23,1,1,0,1.0,exclude
thermophile,growth-positive:10-25,14,14,0,1.0,exclude
thermophile,growth-positive:10-27,1,1,0,1.0,exclude
thermophile,growth-positive:10-28,6,6,0,1.0,exclude
thermophile,growth-positive:10-30,152,152,0,1.0,0
thermophile,growth-positive:10-32,9,9,0,1.0,exclude
thermophile,growth-positive:10-33,12,12,0,1.0,exclude
thermophile,growth-positive:10-34,4,4,0,1.0,exclude
thermophile,growth-positive:10-35,60,60,0,1.0,0
thermophile,growth-positive:10-36,15,15,0,1.0,exclude
thermophile,growth-positive:10-37,321,321,0,1.0,0
thermophile,growth-positive:10-38,12,12,0,1.0,exclude
thermophile,growth-positive:10-39,5,5,0,1.0,exclude
thermophile,growth-positive:10-40,138,138,0,1.0,0
thermophile,growth-positive:10-41,130,130,0,1.0,0
thermophile,growth-positive:10-42,49,49,0,1.0,0
thermophile,growth-positive:10-42.5,1,1,0,1.0,exclude
thermophile,growth-positive:10-43,7,7,0,1.0,exclude
thermophile,growth-positive:10-44,5,5,0,1.0,exclude
thermophile,growth-positive:10-45,131,131,0,1.0,0
thermophile,growth-positive:10-46,2,2,0,1.0,exclude
thermophile,growth-positive:10-47,2,2,0,1.0,exclude
thermophile,growth-positive:10-47.5,1,1,0,1.0,exclude
thermophile,growth-positive:10-48,2,2,0,1.0,exclude
thermophile,growth-positive:10-49,2,2,0,1.0,exclude
thermophile,growth-positive:10-50,16,16,0,1.0,exclude
thermophile,growth-positive:10-52,1,1,0,1.0,exclude
thermophile,growth-positive:10-53,1,1,0,1.0,exclude
thermophile,growth-positive:10-55,7,7,0,1.0,exclude
thermophile,growth-positive:10-60,2,2,0,1.0,exclude
thermophile,growth-positive:10-65,1,1,0,1.0,exclude
thermophile,growth-positive:10.0,3,3,0,1.0,exclude
thermophile,growth-positive:10.0-25.0,1,1,0,1.0,exclude
thermophile,growth-positive:10.0-35.0,1,1,0,1.0,exclude
thermophile,growth-positive:10.0-37.0,8,8,0,1.0,exclude
thermophile,growth-positive:10.0-40.0,11,11,0,1.0,exclude
thermophile,growth-positive:10.0-41.0,1,1,0,1.0,exclude
thermophile,growth-positive:10.0-43.0,1,1,0,1.0,exclude
thermophile,growth-positive:10.0-44.0,1,1,0,1.0,exclude
thermophile,growth-positive:10.0-45.0,4,4,0,1.0,exclude
thermophile,growth-positive:10.0-49.0,1,1,0,1.0,exclude
thermophile,growth-positive:10.0-50.0,2,2,0,1.0,exclude
thermophile,growth-positive:100,1,0,1,1.0,exclude
thermophile,growth-positive:11,4,4,0,1.0,exclude
thermophile,growth-positive:11-36,4,4,0,1.0,exclude
thermophile,growth-positive:11-37,2,2,0,1.0,exclude
thermophile,growth-positive:11-40,1,1,0,1.0,exclude
thermophile,growth-positive:11-42,1,1,0,1.0,exclude
thermophile,growth-positive:11-45,1,1,0,1.0,exclude
thermophile,growth-positive:11.0-36.0,1,1,0,1.0,exclude
thermophile,growth-positive:12,2,2,0,1.0,exclude
thermophile,growth-positive:12-29,1,1,0,1.0,exclude
thermophile,growth-positive:12-30,1,1,0,1.0,exclude
thermophile,growth-positive:12-34,2,2,0,1.0,exclude
thermophile,growth-positive:12-35,1,1,0,1.0,exclude
thermophile,growth-positive:12-36,2,2,0,1.0,exclude
thermophile,growth-positive:12-37,18,18,0,1.0,exclude
thermophile,growth-positive:12-38,1,1,0,1.0,exclude
thermophile,growth-positive:12-39,1,1,0,1.0,exclude
thermophile,growth-positive:12-40,4,4,0,1.0,exclude
thermophile,growth-positive:12-42,5,5,0,1.0,exclude
thermophile,growth-positive:12-44,2,2,0,1.0,exclude
thermophile,growth-positive:12-45,4,4,0,1.0,exclude
thermophile,growth-positive:12-49,1,1,0,1.0,exclude
thermophile,growth-positive:12-50,1,1,0,1.0,exclude
thermophile,growth-positive:12.0-37.0,1,1,0,1.0,exclude
thermophile,growth-positive:12.0-38.0,1,1,0,1.0,exclude
thermophile,growth-positive:12.0-43.0,1,1,0,1.0,exclude
thermophile,growth-positive:13,4,4,0,1.0,exclude
thermophile,growth-positive:13-28,1,1,0,1.0,exclude
thermophile,growth-positive:13-30,2,2,0,1.0,exclude
thermophile,growth-positive:13-32,1,1,0,1.0,exclude
thermophile,growth-positive:13-34,1,1,0,1.0,exclude
thermophile,growth-positive:13-35,1,1,0,1.0,exclude
thermophile,growth-positive:13-37,6,6,0,1.0,exclude
thermophile,growth-positive:13-40,3,3,0,1.0,exclude
thermophile,growth-positive:13-41,1,1,0,1.0,exclude
thermophile,growth-positive:13-42,2,2,0,1.0,exclude
thermophile,growth-positive:13-44,1,1,0,1.0,exclude
thermophile,growth-positive:13-45,2,2,0,1.0,exclude
thermophile,growth-positive:13-47,1,1,0,1.0,exclude
thermophile,growth-positive:13-55,1,1,0,1.0,exclude
thermophile,growth-positive:14,3,3,0,1.0,exclude
thermophile,growth-positive:14-27,1,1,0,1.0,exclude
thermophile,growth-positive:14-30,1,1,0,1.0,exclude
thermophile,growth-positive:14-32,1,1,0,1.0,exclude
thermophile,growth-positive:14-35,1,1,0,1.0,exclude
thermophile,growth-positive:14-37,1,1,0,1.0,exclude
thermophile,growth-positive:14-38,2,2,0,1.0,exclude
thermophile,growth-positive:14-40,2,2,0,1.0,exclude
thermophile,growth-positive:14-41,1,1,0,1.0,exclude
thermophile,growth-positive:14-44,1,1,0,1.0,exclude
thermophile,growth-positive:14.5-47.0,1,1,0,1.0,exclude
thermophile,growth-positive:15,119,119,0,1.0,0
thermophile,growth-positive:15-20,1,1,0,1.0,exclude
thermophile,growth-positive:15-22,4,4,0,1.0,exclude
thermophile,growth-positive:15-24,1,1,0,1.0,exclude
thermophile,growth-positive:15-25,8,8,0,1.0,exclude
thermophile,growth-positive:15-26,1,1,0,1.0,exclude
thermophile,growth-positive:15-27,1,1,0,1.0,exclude
thermophile,growth-positive:15-28,6,6,0,1.0,exclude
thermophile,growth-positive:15-30,122,122,0,1.0,0
thermophile,growth-positive:15-31,1,1,0,1.0,exclude
thermophile,growth-positive:15-32,3,3,0,1.0,exclude
thermophile,growth-positive:15-33,7,7,0,1.0,exclude
thermophile,growth-positive:15-34,3,3,0,1.0,exclude
thermophile,growth-positive:15-34.4,1,1,0,1.0,exclude
thermophile,growth-positive:15-35,46,46,0,1.0,0
thermophile,growth-positive:15-36,5,5,0,1.0,exclude
thermophile,growth-positive:15-37,321,321,0,1.0,0
thermophile,growth-positive:15-38,2,2,0,1.0,exclude
thermophile,growth-positive:15-39,1,1,0,1.0,exclude
thermophile,growth-positive:15-40,114,114,0,1.0,0
thermophile,growth-positive:15-41,67,67,0,1.0,0
thermophile,growth-positive:15-42,43,43,0,1.0,0
thermophile,growth-positive:15-43,4,4,0,1.0,exclude
thermophile,growth-positive:15-44,3,3,0,1.0,exclude
thermophile,growth-positive:15-45,123,122,1,0.9919,0
thermophile,growth-positive:15-46,1,1,0,1.0,exclude
thermophile,growth-positive:15-47,2,2,0,1.0,exclude
thermophile,growth-positive:15-48,3,3,0,1.0,exclude
thermophile,growth-positive:15-49,3,3,0,1.0,exclude
thermophile,growth-positive:15-50,13,12,1,0.9231,exclude
thermophile,growth-positive:15-53,1,1,0,1.0,exclude
thermophile,growth-positive:15-55,8,8,0,1.0,exclude
thermophile,growth-positive:15-60,2,2,0,1.0,exclude
thermophile,growth-positive:15.0,4,2,2,0.5,exclude
thermophile,growth-positive:15.0-30.0,2,2,0,1.0,exclude
thermophile,growth-positive:15.0-32.0,1,1,0,1.0,exclude
thermophile,growth-positive:15.0-34.0,1,1,0,1.0,exclude
thermophile,growth-positive:15.0-35.0,1,1,0,1.0,exclude
thermophile,growth-positive:15.0-37.0,3,3,0,1.0,exclude
thermophile,growth-positive:15.0-40.0,12,12,0,1.0,exclude
thermophile,growth-positive:15.0-42.0,3,3,0,1.0,exclude
thermophile,growth-positive:15.0-43.0,1,1,0,1.0,exclude
thermophile,growth-positive:15.0-45.0,9,9,0,1.0,exclude
thermophile,growth-positive:15.0-50.0,6,6,0,1.0,exclude
thermophile,growth-positive:16,8,8,0,1.0,exclude
thermophile,growth-positive:16-22,1,1,0,1.0,exclude
thermophile,growth-positive:16-28,1,1,0,1.0,exclude
thermophile,growth-positive:16-30,1,1,0,1.0,exclude
thermophile,growth-positive:16-32,1,1,0,1.0,exclude
thermophile,growth-positive:16-33,1,1,0,1.0,exclude
thermophile,growth-positive:16-35,1,1,0,1.0,exclude
thermophile,growth-positive:16-37,9,9,0,1.0,exclude
thermophile,growth-positive:16-40,6,6,0,1.0,exclude
thermophile,growth-positive:16-42,7,7,0,1.0,exclude
thermophile,growth-positive:16-43,1,1,0,1.0,exclude
thermophile,growth-positive:16-44,2,2,0,1.0,exclude
thermophile,growth-positive:16-45,9,9,0,1.0,exclude
thermophile,growth-positive:16-50,1,1,0,1.0,exclude
thermophile,growth-positive:16-55,1,1,0,1.0,exclude
thermophile,growth-positive:16.0,1,1,0,1.0,exclude
thermophile,growth-positive:16.0-37.0,3,3,0,1.0,exclude
thermophile,growth-positive:16.0-45.0,1,1,0,1.0,exclude
thermophile,growth-positive:17,12,12,0,1.0,exclude
thermophile,growth-positive:17-33,2,2,0,1.0,exclude
thermophile,growth-positive:17-36,1,1,0,1.0,exclude
thermophile,growth-positive:17-37,5,5,0,1.0,exclude
thermophile,growth-positive:17-40,1,1,0,1.0,exclude
thermophile,growth-positive:17-42,1,1,0,1.0,exclude
thermophile,growth-positive:17-43,1,1,0,1.0,exclude
thermophile,growth-positive:17-44,1,1,0,1.0,exclude
thermophile,growth-positive:17-49,1,1,0,1.0,exclude
thermophile,growth-positive:17-50,1,1,0,1.0,exclude
thermophile,growth-positive:17.0-55.0,1,1,0,1.0,exclude
thermophile,growth-positive:18,25,25,0,1.0,exclude
thermophile,growth-positive:18-22,3,3,0,1.0,exclude
thermophile,growth-positive:18-24,1,1,0,1.0,exclude
thermophile,growth-positive:18-28,2,2,0,1.0,exclude
thermophile,growth-positive:18-30,3,3,0,1.0,exclude
thermophile,growth-positive:18-32,2,2,0,1.0,exclude
thermophile,growth-positive:18-34,1,1,0,1.0,exclude
thermophile,growth-positive:18-36,2,2,0,1.0,exclude
thermophile,growth-positive:18-37,25,25,0,1.0,exclude
thermophile,growth-positive:18-38,3,3,0,1.0,exclude
thermophile,growth-positive:18-40,3,3,0,1.0,exclude
thermophile,growth-positive:18-41,1,1,0,1.0,exclude
thermophile,growth-positive:18-42,14,14,0,1.0,exclude
thermophile,growth-positive:18-45,3,3,0,1.0,exclude
thermophile,growth-positive:18-48,3,3,0,1.0,exclude
thermophile,growth-positive:18-50,2,2,0,1.0,exclude
thermophile,growth-positive:18-55,1,1,0,1.0,exclude
thermophile,growth-positive:18.0-35.0,1,1,0,1.0,exclude
thermophile,growth-positive:19,1,1,0,1.0,exclude
thermophile,growth-positive:19-36,1,1,0,1.0,exclude
thermophile,growth-positive:19-37,1,1,0,1.0,exclude
thermophile,growth-positive:2-10,1,1,0,1.0,exclude
thermophile,growth-positive:2-17,1,1,0,1.0,exclude
thermophile,growth-positive:2-18,1,1,0,1.0,exclude
thermophile,growth-positive:2-30,2,2,0,1.0,exclude
thermophile,growth-positive:2-33,2,2,0,1.0,exclude
thermophile,growth-positive:2-36,1,1,0,1.0,exclude
thermophile,growth-positive:2.0-30.0,1,1,0,1.0,exclude
thermophile,growth-positive:2.0-33.0,3,3,0,1.0,exclude
thermophile,growth-positive:2.5-30,1,1,0,1.0,exclude
thermophile,growth-positive:20,347,345,2,0.9942,0
thermophile,growth-positive:20-22,3,3,0,1.0,exclude
thermophile,growth-positive:20-25,12,12,0,1.0,exclude
thermophile,growth-positive:20-28,6,6,0,1.0,exclude
thermophile,growth-positive:20-30,66,66,0,1.0,0
thermophile,growth-positive:20-32,2,2,0,1.0,exclude
thermophile,growth-positive:20-33,2,2,0,1.0,exclude
thermophile,growth-positive:20-34,4,4,0,1.0,exclude
thermophile,growth-positive:20-35,25,25,0,1.0,exclude
thermophile,growth-positive:20-36,3,3,0,1.0,exclude
thermophile,growth-positive:20-37,122,122,0,1.0,0
thermophile,growth-positive:20-37.4,1,1,0,1.0,exclude
thermophile,growth-positive:20-38,3,3,0,1.0,exclude
thermophile,growth-positive:20-39,2,2,0,1.0,exclude
thermophile,growth-positive:20-40,101,101,0,1.0,0
thermophile,growth-positive:20-41,1,1,0,1.0,exclude
thermophile,growth-positive:20-42,28,28,0,1.0,exclude
thermophile,growth-positive:20-43,1,1,0,1.0,exclude
thermophile,growth-positive:20-44,3,3,0,1.0,exclude
thermophile,growth-positive:20-45,60,60,0,1.0,0
thermophile,growth-positive:20-48,2,2,0,1.0,exclude
thermophile,growth-positive:20-50,24,24,0,1.0,exclude
thermophile,growth-positive:20-52,1,0,1,1.0,exclude
thermophile,growth-positive:20-55,9,8,1,0.8889,exclude
thermophile,growth-positive:20-60,3,2,1,0.6667,exclude
thermophile,growth-positive:20-65,2,0,2,1.0,exclude
thermophile,growth-positive:20.0,1,1,0,1.0,exclude
thermophile,growth-positive:20.0-34.0,1,1,0,1.0,exclude
thermophile,growth-positive:20.0-35.0,2,2,0,1.0,exclude
thermophile,growth-positive:20.0-36.0,1,1,0,1.0,exclude
thermophile,growth-positive:20.0-37.0,7,7,0,1.0,exclude
thermophile,growth-positive:20.0-40.0,3,3,0,1.0,exclude
thermophile,growth-positive:20.0-42.0,1,1,0,1.0,exclude
thermophile,growth-positive:20.0-45.0,5,5,0,1.0,exclude
thermophile,growth-positive:20.0-50.0,1,1,0,1.0,exclude
thermophile,growth-positive:20.0-60.0,1,1,0,1.0,exclude
thermophile,growth-positive:21,13,13,0,1.0,exclude
thermophile,growth-positive:21-23,2,2,0,1.0,exclude
thermophile,growth-positive:21-28,1,1,0,1.0,exclude
thermophile,growth-positive:21-30,2,2,0,1.0,exclude
thermophile,growth-positive:21-42,2,2,0,1.0,exclude
thermophile,growth-positive:21.5,1,1,0,1.0,exclude
thermophile,growth-positive:22,154,154,0,1.0,0
thermophile,growth-positive:22-25,8,8,0,1.0,exclude
thermophile,growth-positive:22-26,1,1,0,1.0,exclude
thermophile,growth-positive:22-28,2,2,0,1.0,exclude
thermophile,growth-positive:22-30,45,45,0,1.0,0
thermophile,growth-positive:22-33,1,1,0,1.0,exclude
thermophile,growth-positive:22-35,2,2,0,1.0,exclude
thermophile,growth-positive:22-36,1,1,0,1.0,exclude
thermophile,growth-positive:22-37,125,125,0,1.0,0
thermophile,growth-positive:22-38,2,2,0,1.0,exclude
thermophile,growth-positive:22-40,4,4,0,1.0,exclude
thermophile,growth-positive:22-41,44,44,0,1.0,0
thermophile,growth-positive:22-42,15,15,0,1.0,exclude
thermophile,growth-positive:22-44,3,3,0,1.0,exclude
thermophile,growth-positive:22-45,74,74,0,1.0,0
thermophile,growth-positive:22-47,1,1,0,1.0,exclude
thermophile,growth-positive:22-48,3,3,0,1.0,exclude
thermophile,growth-positive:22-50,1,1,0,1.0,exclude
thermophile,growth-positive:22-55,13,13,0,1.0,exclude
thermophile,growth-positive:22-60,1,0,1,1.0,exclude
thermophile,growth-positive:22.0-45.0,1,1,0,1.0,exclude
thermophile,growth-positive:22.5,2,2,0,1.0,exclude
thermophile,growth-positive:23,8,8,0,1.0,exclude
thermophile,growth-positive:23-37,5,5,0,1.0,exclude
thermophile,growth-positive:23-39,1,1,0,1.0,exclude
thermophile,growth-positive:23-40,1,1,0,1.0,exclude
thermophile,growth-positive:24,17,17,0,1.0,exclude
thermophile,growth-positive:24-26,4,4,0,1.0,exclude
thermophile,growth-positive:24-30,1,1,0,1.0,exclude
thermophile,growth-positive:24-35,1,1,0,1.0,exclude
thermophile,growth-positive:24-36,1,1,0,1.0,exclude
thermophile,growth-positive:24-40,2,2,0,1.0,exclude
thermophile,growth-positive:24-41,1,1,0,1.0,exclude
thermophile,growth-positive:24-42,2,2,0,1.0,exclude
thermophile,growth-positive:24-45,1,1,0,1.0,exclude
thermophile,growth-positive:24-46,1,1,0,1.0,exclude
thermophile,growth-positive:24.0-30.0,1,1,0,1.0,exclude
thermophile,growth-positive:24.0-45.0,1,1,0,1.0,exclude
thermophile,growth-positive:25,1498,1497,1,0.9993,0
thermophile,growth-positive:25-26,1,1,0,1.0,exclude
thermophile,growth-positive:25-27,1,1,0,1.0,exclude
thermophile,growth-positive:25-28,21,21,0,1.0,exclude
thermophile,growth-positive:25-30,174,174,0,1.0,0
thermophile,growth-positive:25-32,6,6,0,1.0,exclude
thermophile,growth-positive:25-33,1,1,0,1.0,exclude
thermophile,growth-positive:25-35,18,18,0,1.0,exclude
thermophile,growth-positive:25-36,1,1,0,1.0,exclude
thermophile,growth-positive:25-37,267,267,0,1.0,0
thermophile,growth-positive:25-38,1,1,0,1.0,exclude
thermophile,growth-positive:25-39,1,1,0,1.0,exclude
thermophile,growth-positive:25-40,34,34,0,1.0,0
thermophile,growth-positive:25-41,231,231,0,1.0,0
thermophile,growth-positive:25-42,41,41,0,1.0,0
thermophile,growth-positive:25-43,4,4,0,1.0,exclude
thermophile,growth-positive:25-44,2,2,0,1.0,exclude
thermophile,growth-positive:25-45,115,115,0,1.0,0
thermophile,growth-positive:25-46,3,3,0,1.0,exclude
thermophile,growth-positive:25-47,1,1,0,1.0,exclude
thermophile,growth-positive:25-48,1,1,0,1.0,exclude
thermophile,growth-positive:25-50,17,17,0,1.0,exclude
thermophile,growth-positive:25-55,10,9,1,0.9,exclude
thermophile,growth-positive:25-58,2,0,2,1.0,exclude
thermophile,growth-positive:25-60,3,2,1,0.6667,exclude
thermophile,growth-positive:25-65,1,0,1,1.0,exclude
thermophile,growth-positive:25-67,1,0,1,1.0,exclude
thermophile,growth-positive:25-70,2,0,2,1.0,exclude
thermophile,growth-positive:25-75,1,0,1,1.0,exclude
thermophile,growth-positive:25.0-30.0,1,1,0,1.0,exclude
thermophile,growth-positive:25.0-37.0,1,1,0,1.0,exclude
thermophile,growth-positive:25.0-42.0,1,1,0,1.0,exclude
thermophile,growth-positive:25.0-44.0,2,2,0,1.0,exclude
thermophile,growth-positive:25.0-45.0,3,3,0,1.0,exclude
thermophile,growth-positive:26,130,130,0,1.0,0
thermophile,growth-positive:26-30,8,8,0,1.0,exclude
thermophile,growth-positive:26-34,2,2,0,1.0,exclude
thermophile,growth-positive:26-35,1,1,0,1.0,exclude
thermophile,growth-positive:26-36,1,1,0,1.0,exclude
thermophile,growth-positive:26-37,6,6,0,1.0,exclude
thermophile,growth-positive:26-38,1,1,0,1.0,exclude
thermophile,growth-positive:26-42,4,4,0,1.0,exclude
thermophile,growth-positive:26-43,1,1,0,1.0,exclude
thermophile,growth-positive:26-46.5,1,1,0,1.0,exclude
thermophile,growth-positive:26-55,1,0,1,1.0,exclude
thermophile,growth-positive:27,32,32,0,1.0,0
thermophile,growth-positive:27-30,2,2,0,1.0,exclude
thermophile,growth-positive:27-31,1,1,0,1.0,exclude
thermophile,growth-positive:27-37,2,2,0,1.0,exclude
thermophile,growth-positive:27-40,1,1,0,1.0,exclude
thermophile,growth-positive:27-41,1,1,0,1.0,exclude
thermophile,growth-positive:27-45,1,1,0,1.0,exclude
thermophile,growth-positive:27-46,1,1,0,1.0,exclude
thermophile,growth-positive:28,5403,5398,5,0.9991,0
thermophile,growth-positive:28-30,22,22,0,1.0,exclude
thermophile,growth-positive:28-32,6,6,0,1.0,exclude
thermophile,growth-positive:28-33,1,1,0,1.0,exclude
thermophile,growth-positive:28-34,1,1,0,1.0,exclude
thermophile,growth-positive:28-35,8,8,0,1.0,exclude
thermophile,growth-positive:28-37,60,60,0,1.0,0
thermophile,growth-positive:28-40,6,6,0,1.0,exclude
thermophile,growth-positive:28-41,1,1,0,1.0,exclude
thermophile,growth-positive:28-42,6,6,0,1.0,exclude
thermophile,growth-positive:28-45,6,6,0,1.0,exclude
thermophile,growth-positive:28-47,1,1,0,1.0,exclude
thermophile,growth-positive:28-55,1,1,0,1.0,exclude
thermophile,growth-positive:28-60,1,0,1,1.0,exclude
thermophile,growth-positive:28-65,1,0,1,1.0,exclude
thermophile,growth-positive:28-70,1,0,1,1.0,exclude
thermophile,growth-positive:28.0-40.0,1,1,0,1.0,exclude
thermophile,growth-positive:28.0-42.0,1,1,0,1.0,exclude
thermophile,growth-positive:29,12,12,0,1.0,exclude
thermophile,growth-positive:29-37,2,2,0,1.0,exclude
thermophile,growth-positive:3,1,1,0,1.0,exclude
thermophile,growth-positive:3-26,1,1,0,1.0,exclude
thermophile,growth-positive:3-33.5,1,1,0,1.0,exclude
thermophile,growth-positive:3-35,1,1,0,1.0,exclude
thermophile,growth-positive:3-41,1,1,0,1.0,exclude
thermophile,growth-positive:3.0-37.0,1,1,0,1.0,exclude
thermophile,growth-positive:30,6442,6432,10,0.9984,0
thermophile,growth-positive:30-33,2,2,0,1.0,exclude
thermophile,growth-positive:30-34,1,1,0,1.0,exclude
thermophile,growth-positive:30-35,15,15,0,1.0,exclude
thermophile,growth-positive:30-37,362,362,0,1.0,0
thermophile,growth-positive:30-39,2,2,0,1.0,exclude
thermophile,growth-positive:30-40,17,17,0,1.0,exclude
thermophile,growth-positive:30-41,108,108,0,1.0,0
thermophile,growth-positive:30-42,30,30,0,1.0,0
thermophile,growth-positive:30-43,3,3,0,1.0,exclude
thermophile,growth-positive:30-44,1,1,0,1.0,exclude
thermophile,growth-positive:30-45,64,62,2,0.9688,0
thermophile,growth-positive:30-46,1,1,0,1.0,exclude
thermophile,growth-positive:30-50,7,7,0,1.0,exclude
thermophile,growth-positive:30-52.5,1,1,0,1.0,exclude
thermophile,growth-positive:30-55,11,6,5,0.5455,exclude
thermophile,growth-positive:30-56,2,1,1,0.5,exclude
thermophile,growth-positive:30-60,4,0,4,1.0,exclude
thermophile,growth-positive:30-63,1,0,1,1.0,exclude
thermophile,growth-positive:30-65,1,0,1,1.0,exclude
thermophile,growth-positive:30-7,1,1,0,1.0,exclude
thermophile,growth-positive:30-70,1,0,1,1.0,exclude
thermophile,growth-positive:30-75,2,0,2,1.0,exclude
thermophile,growth-positive:30.0,6,6,0,1.0,exclude
thermophile,growth-positive:30.0-65.0,1,1,0,1.0,exclude
thermophile,growth-positive:31,1,1,0,1.0,exclude
thermophile,growth-positive:31-40,2,2,0,1.0,exclude
thermophile,growth-positive:31-58,1,0,1,1.0,exclude
thermophile,growth-positive:32,11,11,0,1.0,exclude
thermophile,growth-positive:32-35,2,2,0,1.0,exclude
thermophile,growth-positive:32-42,1,1,0,1.0,exclude
thermophile,growth-positive:32.5,1,1,0,1.0,exclude
thermophile,growth-positive:32.5-69,1,0,1,1.0,exclude
thermophile,growth-positive:33,16,16,0,1.0,exclude
thermophile,growth-positive:33-35,1,1,0,1.0,exclude
thermophile,growth-positive:33-37,4,4,0,1.0,exclude
thermophile,growth-positive:33-39,2,2,0,1.0,exclude
thermophile,growth-positive:33-42,1,1,0,1.0,exclude
thermophile,growth-positive:33-51,1,0,1,1.0,exclude
thermophile,growth-positive:34,16,16,0,1.0,exclude
thermophile,growth-positive:34-37,1,1,0,1.0,exclude
thermophile,growth-positive:34-40,1,1,0,1.0,exclude
thermophile,growth-positive:35,279,279,0,1.0,0
thermophile,growth-positive:35-37,4,4,0,1.0,exclude
thermophile,growth-positive:35-40,9,9,0,1.0,exclude
thermophile,growth-positive:35-42,2,1,1,0.5,exclude
thermophile,growth-positive:35-45,4,4,0,1.0,exclude
thermophile,growth-positive:35-47,1,1,0,1.0,exclude
thermophile,growth-positive:35-48,1,1,0,1.0,exclude
thermophile,growth-positive:35-55,1,0,1,1.0,exclude
thermophile,growth-positive:35-57,1,0,1,1.0,exclude
thermophile,growth-positive:35-59,1,0,1,1.0,exclude
thermophile,growth-positive:35-60,10,0,10,1.0,exclude
thermophile,growth-positive:35-62,1,0,1,1.0,exclude
thermophile,growth-positive:35-65,7,0,7,1.0,exclude
thermophile,growth-positive:35-68,1,0,1,1.0,exclude
thermophile,growth-positive:35.0,7,7,0,1.0,exclude
thermophile,growth-positive:36,6,6,0,1.0,exclude
thermophile,growth-positive:36-37,3,3,0,1.0,exclude
thermophile,growth-positive:36-39,3,3,0,1.0,exclude
thermophile,growth-positive:36-40,1,1,0,1.0,exclude
thermophile,growth-positive:36-62,1,0,1,1.0,exclude
thermophile,growth-positive:37,6397,6388,9,0.9986,0
thermophile,growth-positive:37-40,2,2,0,1.0,exclude
thermophile,growth-positive:37-41,26,25,1,0.9615,exclude
thermophile,growth-positive:37-42,22,21,1,0.9545,exclude
thermophile,growth-positive:37-43,1,1,0,1.0,exclude
thermophile,growth-positive:37-44,1,1,0,1.0,exclude
thermophile,growth-positive:37-45,16,13,3,0.8125,exclude
thermophile,growth-positive:37-52,1,1,0,1.0,exclude
thermophile,growth-positive:37-55,6,1,5,0.8333,exclude
thermophile,growth-positive:37-60,4,0,4,1.0,exclude
thermophile,growth-positive:37-65,3,0,3,1.0,exclude
thermophile,growth-positive:37-68,1,0,1,1.0,exclude
thermophile,growth-positive:37.0,9,9,0,1.0,exclude
thermophile,growth-positive:37.0-40.0,1,0,1,1.0,exclude
thermophile,growth-positive:37.0-60.0,2,1,1,0.5,exclude
thermophile,growth-positive:37.0-75.0,1,0,1,1.0,exclude
thermophile,growth-positive:38,3,3,0,1.0,exclude
thermophile,growth-positive:38-66,1,0,1,1.0,exclude
thermophile,growth-positive:38-79,1,0,1,1.0,exclude
thermophile,growth-positive:38.0,1,1,0,1.0,exclude
thermophile,growth-positive:39,5,5,0,1.0,exclude
thermophile,growth-positive:39.0,1,1,0,1.0,exclude
thermophile,growth-positive:4,22,21,1,0.9545,exclude
thermophile,growth-positive:4-15,1,1,0,1.0,exclude
thermophile,growth-positive:4-20,1,1,0,1.0,exclude
thermophile,growth-positive:4-25,8,8,0,1.0,exclude
thermophile,growth-positive:4-26,1,1,0,1.0,exclude
thermophile,growth-positive:4-27.5,1,1,0,1.0,exclude
thermophile,growth-positive:4-28,10,10,0,1.0,exclude
thermophile,growth-positive:4-30,49,49,0,1.0,0
thermophile,growth-positive:4-31,2,2,0,1.0,exclude
thermophile,growth-positive:4-32,6,6,0,1.0,exclude
thermophile,growth-positive:4-33,4,4,0,1.0,exclude
thermophile,growth-positive:4-34,5,5,0,1.0,exclude
thermophile,growth-positive:4-35,27,27,0,1.0,exclude
thermophile,growth-positive:4-36,3,3,0,1.0,exclude
thermophile,growth-positive:4-37,52,52,0,1.0,0
thermophile,growth-positive:4-38,2,2,0,1.0,exclude
thermophile,growth-positive:4-39,2,2,0,1.0,exclude
thermophile,growth-positive:4-40,35,35,0,1.0,0
thermophile,growth-positive:4-41,6,6,0,1.0,exclude
thermophile,growth-positive:4-42,12,12,0,1.0,exclude
thermophile,growth-positive:4-43,2,2,0,1.0,exclude
thermophile,growth-positive:4-44,1,1,0,1.0,exclude
thermophile,growth-positive:4-45,31,31,0,1.0,0
thermophile,growth-positive:4-50,5,5,0,1.0,exclude
thermophile,growth-positive:4-52,1,1,0,1.0,exclude
thermophile,growth-positive:4-55,3,3,0,1.0,exclude
thermophile,growth-positive:4-7,1,1,0,1.0,exclude
thermophile,growth-positive:4.0,1,1,0,1.0,exclude
thermophile,growth-positive:4.0-25.0,1,1,0,1.0,exclude
thermophile,growth-positive:4.0-28.0,1,1,0,1.0,exclude
thermophile,growth-positive:4.0-30.0,2,2,0,1.0,exclude
thermophile,growth-positive:4.0-32,2,2,0,1.0,exclude
thermophile,growth-positive:4.0-33,1,1,0,1.0,exclude
thermophile,growth-positive:4.0-33.0,1,1,0,1.0,exclude
thermophile,growth-positive:4.0-34.0,1,1,0,1.0,exclude
thermophile,growth-positive:4.0-35,1,1,0,1.0,exclude
thermophile,growth-positive:4.0-35.0,1,1,0,1.0,exclude
thermophile,growth-positive:4.0-37,4,4,0,1.0,exclude
thermophile,growth-positive:4.0-37.0,7,7,0,1.0,exclude
thermophile,growth-positive:4.0-38,1,1,0,1.0,exclude
thermophile,growth-positive:4.0-39,1,1,0,1.0,exclude
thermophile,growth-positive:4.0-40.0,2,2,0,1.0,exclude
thermophile,growth-positive:4.0-42,1,1,0,1.0,exclude
thermophile,growth-positive:4.0-43,1,1,0,1.0,exclude
thermophile,growth-positive:4.0-45.0,1,1,0,1.0,exclude
thermophile,growth-positive:4.0-48,3,3,0,1.0,exclude
thermophile,growth-positive:4.0-50,1,1,0,1.0,exclude
thermophile,growth-positive:4.0-50.0,2,2,0,1.0,exclude
thermophile,growth-positive:4.0-60.0,1,1,0,1.0,exclude
thermophile,growth-positive:40,32,30,2,0.9375,exclude
thermophile,growth-positive:40-49,1,0,1,1.0,exclude
thermophile,growth-positive:40-55,1,1,0,1.0,exclude
thermophile,growth-positive:40-57,1,0,1,1.0,exclude
thermophile,growth-positive:40-60,4,0,4,1.0,exclude
thermophile,growth-positive:40-65,10,0,10,1.0,exclude
thermophile,growth-positive:40-67,2,0,2,1.0,exclude
thermophile,growth-positive:40-70,3,0,3,1.0,exclude
thermophile,growth-positive:40-72,1,0,1,1.0,exclude
thermophile,growth-positive:40-75,1,0,1,1.0,exclude
thermophile,growth-positive:40-77,2,0,2,1.0,exclude
thermophile,growth-positive:40-80,1,0,1,1.0,exclude
thermophile,growth-positive:40.0,3,3,0,1.0,exclude
thermophile,growth-positive:40.0-60.0,1,1,0,1.0,exclude
thermophile,growth-positive:40.5,1,1,0,1.0,exclude
thermophile,growth-positive:41,4,4,0,1.0,exclude
thermophile,growth-positive:41-45,1,1,0,1.0,exclude
thermophile,growth-positive:42,36,32,4,0.8889,exclude
thermophile,growth-positive:42-60,1,0,1,1.0,exclude
thermophile,growth-positive:42-90,1,0,1,1.0,exclude
thermophile,growth-positive:42.0,6,6,0,1.0,exclude
thermophile,growth-positive:42.0-65.0,1,0,1,1.0,exclude
thermophile,growth-positive:43,1,1,0,1.0,exclude
thermophile,growth-positive:43-60,1,0,1,1.0,exclude
thermophile,growth-positive:44-74,1,0,1,1.0,exclude
thermophile,growth-positive:44-77,1,0,1,1.0,exclude
thermophile,growth-positive:44.0,1,1,0,1.0,exclude
thermophile,growth-positive:45,53,32,21,0.6038,exclude
thermophile,growth-positive:45-50,2,1,1,0.5,exclude
thermophile,growth-positive:45-55,9,1,8,0.8889,exclude
thermophile,growth-positive:45-60,2,0,2,1.0,exclude
thermophile,growth-positive:45-65,7,0,7,1.0,exclude
thermophile,growth-positive:45-70,4,0,4,1.0,exclude
thermophile,growth-positive:45-79,1,0,1,1.0,exclude
thermophile,growth-positive:45-80,3,0,3,1.0,exclude
thermophile,growth-positive:45-85,1,0,1,1.0,exclude
thermophile,growth-positive:45.0,4,4,0,1.0,exclude
thermophile,growth-positive:45.0-55.0,1,0,1,1.0,exclude
thermophile,growth-positive:45.0-70.0,1,0,1,1.0,exclude
thermophile,growth-positive:45.0-72.0,1,0,1,1.0,exclude
thermophile,growth-positive:46,1,0,1,1.0,exclude
thermophile,growth-positive:46-70,1,0,1,1.0,exclude
thermophile,growth-positive:46-78,1,0,1,1.0,exclude
thermophile,growth-positive:47,3,0,3,1.0,exclude
thermophile,growth-positive:48,4,0,4,1.0,exclude
thermophile,growth-positive:48.0,1,0,1,1.0,exclude
thermophile,growth-positive:49,1,0,1,1.0,exclude
thermophile,growth-positive:5,6,6,0,1.0,exclude
thermophile,growth-positive:5-10,1,1,0,1.0,exclude
thermophile,growth-positive:5-15,10,10,0,1.0,exclude
thermophile,growth-positive:5-18,4,4,0,1.0,exclude
thermophile,growth-positive:5-19.9,1,1,0,1.0,exclude
thermophile,growth-positive:5-20,2,2,0,1.0,exclude
thermophile,growth-positive:5-21.8,1,1,0,1.0,exclude
thermophile,growth-positive:5-22,13,13,0,1.0,exclude
thermophile,growth-positive:5-23,1,1,0,1.0,exclude
thermophile,growth-positive:5-24.1,1,1,0,1.0,exclude
thermophile,growth-positive:5-25,18,18,0,1.0,exclude
thermophile,growth-positive:5-28,1,1,0,1.0,exclude
thermophile,growth-positive:5-30,124,124,0,1.0,0
thermophile,growth-positive:5-31,2,2,0,1.0,exclude
thermophile,growth-positive:5-32,3,3,0,1.0,exclude
thermophile,growth-positive:5-34,2,2,0,1.0,exclude
thermophile,growth-positive:5-35,5,5,0,1.0,exclude
thermophile,growth-positive:5-37,80,80,0,1.0,0
thermophile,growth-positive:5-38,1,1,0,1.0,exclude
thermophile,growth-positive:5-40,8,8,0,1.0,exclude
thermophile,growth-positive:5-41,49,48,1,0.9796,0
thermophile,growth-positive:5-42,2,2,0,1.0,exclude
thermophile,growth-positive:5-42.5,1,1,0,1.0,exclude
thermophile,growth-positive:5-43,1,1,0,1.0,exclude
thermophile,growth-positive:5-45,5,5,0,1.0,exclude
thermophile,growth-positive:5-50,1,1,0,1.0,exclude
thermophile,growth-positive:5-55,1,1,0,1.0,exclude
thermophile,growth-positive:5.0-30,3,3,0,1.0,exclude
thermophile,growth-positive:5.0-34.0,1,1,0,1.0,exclude
thermophile,growth-positive:5.0-35,3,3,0,1.0,exclude
thermophile,growth-positive:5.0-35.0,2,2,0,1.0,exclude
thermophile,growth-positive:5.0-36,1,1,0,1.0,exclude
thermophile,growth-positive:5.0-37,1,1,0,1.0,exclude
thermophile,growth-positive:5.0-40,1,1,0,1.0,exclude
thermophile,growth-positive:5.0-42.0,1,1,0,1.0,exclude
thermophile,growth-positive:5.0-45,2,2,0,1.0,exclude
thermophile,growth-positive:5.0-45.0,2,2,0,1.0,exclude
thermophile,growth-positive:50,138,8,130,0.942,exclude
thermophile,growth-positive:50-55,1,0,1,1.0,exclude
thermophile,growth-positive:50-62,1,0,1,1.0,exclude
thermophile,growth-positive:50-65,4,0,4,1.0,exclude
thermophile,growth-positive:50-67,1,0,1,1.0,exclude
thermophile,growth-positive:50-70,7,0,7,1.0,exclude
thermophile,growth-positive:50-73,3,0,3,1.0,exclude
thermophile,growth-positive:50-74,1,0,1,1.0,exclude
thermophile,growth-positive:50-80,2,0,2,1.0,exclude
thermophile,growth-positive:50-92,1,0,1,1.0,exclude
thermophile,growth-positive:50.0,1,0,1,1.0,exclude
thermophile,growth-positive:50.0-80.0,1,0,1,1.0,exclude
thermophile,growth-positive:52,1,0,1,1.0,exclude
thermophile,growth-positive:54,1,0,1,1.0,exclude
thermophile,growth-positive:55,199,9,190,0.9548,1
thermophile,growth-positive:55-64,1,0,1,1.0,exclude
thermophile,growth-positive:55-67,1,0,1,1.0,exclude
thermophile,growth-positive:55-68,1,0,1,1.0,exclude
thermophile,growth-positive:55-73,1,0,1,1.0,exclude
thermophile,growth-positive:55-75,1,0,1,1.0,exclude
thermophile,growth-positive:55-77,1,0,1,1.0,exclude
thermophile,growth-positive:55-78,1,0,1,1.0,exclude
thermophile,growth-positive:55-80,3,0,3,1.0,exclude
thermophile,growth-positive:55-90,1,0,1,1.0,exclude
thermophile,growth-positive:56,11,0,11,1.0,exclude
thermophile,growth-positive:56-83,1,0,1,1.0,exclude
thermophile,growth-positive:6,2,2,0,1.0,exclude
thermophile,growth-positive:6-30,1,1,0,1.0,exclude
thermophile,growth-positive:6-34,1,1,0,1.0,exclude
thermophile,growth-positive:6-37,4,4,0,1.0,exclude
thermophile,growth-positive:6-38,1,1,0,1.0,exclude
thermophile,growth-positive:6-40,3,3,0,1.0,exclude
thermophile,growth-positive:6-42,1,1,0,1.0,exclude
thermophile,growth-positive:6-43,1,1,0,1.0,exclude
thermophile,growth-positive:6-44,2,2,0,1.0,exclude
thermophile,growth-positive:6.0-12.0,1,1,0,1.0,exclude
thermophile,growth-positive:6.0-50.0,1,0,1,1.0,exclude
thermophile,growth-positive:60,103,0,103,1.0,1
thermophile,growth-positive:60-65,2,0,2,1.0,exclude
thermophile,growth-positive:60-80,1,0,1,1.0,exclude
thermophile,growth-positive:60-82,1,0,1,1.0,exclude
thermophile,growth-positive:60.0-88.0,1,0,1,1.0,exclude
thermophile,growth-positive:61-80,1,0,1,1.0,exclude
thermophile,growth-positive:62,3,0,3,1.0,exclude
thermophile,growth-positive:63-89,1,0,1,1.0,exclude
thermophile,growth-positive:64,1,0,1,1.0,exclude
thermophile,growth-positive:65,70,0,70,1.0,1
thermophile,growth-positive:65-80,1,0,1,1.0,exclude
thermophile,growth-positive:65-85,1,0,1,1.0,exclude
thermophile,growth-positive:65.0,2,1,1,0.5,exclude
thermophile,growth-positive:65.0-70.0,1,0,1,1.0,exclude
thermophile,growth-positive:67-90,1,0,1,1.0,exclude
thermophile,growth-positive:67.5-75,1,0,1,1.0,exclude
thermophile,growth-positive:68,2,0,2,1.0,exclude
thermophile,growth-positive:7,2,2,0,1.0,exclude
thermophile,growth-positive:7-30,1,1,0,1.0,exclude
thermophile,growth-positive:7-37,3,3,0,1.0,exclude
thermophile,growth-positive:7-39,1,1,0,1.0,exclude
thermophile,growth-positive:7-41.5,1,1,0,1.0,exclude
thermophile,growth-positive:70,71,0,71,1.0,1
thermophile,growth-positive:70-100,1,0,1,1.0,exclude
thermophile,growth-positive:70-112,1,0,1,1.0,exclude
thermophile,growth-positive:70-90,1,0,1,1.0,exclude
thermophile,growth-positive:70-98,1,0,1,1.0,exclude
thermophile,growth-positive:72,1,0,1,1.0,exclude
thermophile,growth-positive:75,32,0,32,1.0,1
thermophile,growth-positive:78,3,0,3,1.0,exclude
thermophile,growth-positive:8,5,5,0,1.0,exclude
thermophile,growth-positive:8-37,3,3,0,1.0,exclude
thermophile,growth-positive:8-38,1,1,0,1.0,exclude
thermophile,growth-positive:8-39,1,1,0,1.0,exclude
thermophile,growth-positive:8-40,2,2,0,1.0,exclude
thermophile,growth-positive:8-41,1,1,0,1.0,exclude
thermophile,growth-positive:8-42,2,2,0,1.0,exclude
thermophile,growth-positive:8-44,1,1,0,1.0,exclude
thermophile,growth-positive:8-45,1,1,0,1.0,exclude
thermophile,growth-positive:8.0-33.0,1,1,0,1.0,exclude
thermophile,growth-positive:8.0-35.0,1,1,0,1.0,exclude
thermophile,growth-positive:8.0-37.0,1,1,0,1.0,exclude
thermophile,growth-positive:8.0-39.0,1,1,0,1.0,exclude
thermophile,growth-positive:8.0-42,1,1,0,1.0,exclude
thermophile,growth-positive:8.0-50,1,1,0,1.0,exclude
thermophile,growth-positive:80,30,0,30,1.0,1
thermophile,growth-positive:80-95,1,0,1,1.0,exclude
thermophile,growth-positive:80.0,1,1,0,1.0,exclude
thermophile,growth-positive:82,1,0,1,1.0,exclude
thermophile,growth-positive:82-97,1,0,1,1.0,exclude
thermophile,growth-positive:83,2,0,2,1.0,exclude
thermophile,growth-positive:85,30,0,30,1.0,1
thermophile,growth-positive:85-98,1,0,1,1.0,exclude
thermophile,growth-positive:88,4,0,4,1.0,exclude
thermophile,growth-positive:9,1,1,0,1.0,exclude
thermophile,growth-positive:9-40,1,1,0,1.0,exclude
thermophile,growth-positive:9.0-48.0,1,1,0,1.0,exclude
thermophile,growth-positive:90,9,0,9,1.0,exclude
thermophile,growth-positive:92,2,0,2,1.0,exclude
thermophile,growth-positive:95,10,0,10,1.0,exclude
thermophile,growth-positive:97,1,0,1,1.0,exclude
thermophile,growth-positive:98,2,0,2,1.0,exclude
thermophile,growth-positive:99,1,0,1,1.0,exclude
thermophile,maximum:10,1,1,0,1.0,exclude
thermophile,maximum:18-20,1,1,0,1.0,exclude
thermophile,maximum:20,1,1,0,1.0,exclude
thermophile,maximum:20.8,1,1,0,1.0,exclude
thermophile,maximum:30,6,6,0,1.0,exclude
thermophile,maximum:30-37,1,1,0,1.0,exclude
thermophile,maximum:32,2,2,0,1.0,exclude
thermophile,maximum:34,1,1,0,1.0,exclude
thermophile,maximum:35,5,5,0,1.0,exclude
thermophile,maximum:35-45,1,1,0,1.0,exclude
thermophile,maximum:37,18,18,0,1.0,exclude
thermophile,maximum:38,1,1,0,1.0,exclude
thermophile,maximum:40,10,10,0,1.0,exclude
thermophile,maximum:40-45,2,2,0,1.0,exclude
thermophile,maximum:42,9,9,0,1.0,exclude
thermophile,maximum:42-46,1,1,0,1.0,exclude
thermophile,maximum:43,2,2,0,1.0,exclude
thermophile,maximum:44,1,1,0,1.0,exclude
thermophile,maximum:45,18,18,0,1.0,exclude
thermophile,maximum:45.0-50.0,1,1,0,1.0,exclude
thermophile,maximum:46,2,2,0,1.0,exclude
thermophile,maximum:47,2,2,0,1.0,exclude
thermophile,maximum:48,1,1,0,1.0,exclude
thermophile,maximum:50,10,10,0,1.0,exclude
thermophile,maximum:50-55,5,5,0,1.0,exclude
thermophile,maximum:50.0,2,2,0,1.0,exclude
thermophile,maximum:51,1,1,0,1.0,exclude
thermophile,maximum:55,7,4,3,0.5714,exclude
thermophile,maximum:55-60,1,0,1,1.0,exclude
thermophile,maximum:60,4,3,1,0.75,exclude
thermophile,maximum:60.0-70.0,1,1,0,1.0,exclude
thermophile,maximum:65,1,1,0,1.0,exclude
thermophile,maximum:70.0,2,0,2,1.0,exclude
thermophile,maximum:72,1,0,1,1.0,exclude
thermophile,maximum:75,1,1,0,1.0,exclude
thermophile,maximum:80,2,0,2,1.0,exclude
thermophile,maximum:<60.0,1,0,1,1.0,exclude
thermophile,minimum:-2,1,1,0,1.0,exclude
thermophile,minimum:1,1,1,0,1.0,exclude
thermophile,minimum:10,11,11,0,1.0,exclude
thermophile,minimum:15,15,15,0,1.0,exclude
thermophile,minimum:15-20,1,1,0,1.0,exclude
thermophile,minimum:17,1,1,0,1.0,exclude
thermophile,minimum:18,2,2,0,1.0,exclude
thermophile,minimum:20,9,9,0,1.0,exclude
thermophile,minimum:23,1,1,0,1.0,exclude
thermophile,minimum:25,8,8,0,1.0,exclude
thermophile,minimum:25-30,1,0,1,1.0,exclude
thermophile,minimum:28,1,1,0,1.0,exclude
thermophile,minimum:3.5,2,2,0,1.0,exclude
thermophile,minimum:30,5,4,1,0.8,exclude
thermophile,minimum:30.0-45.0,1,1,0,1.0,exclude
thermophile,minimum:35,3,3,0,1.0,exclude
thermophile,minimum:37,1,1,0,1.0,exclude
thermophile,minimum:4,17,17,0,1.0,exclude
thermophile,minimum:40,2,1,1,0.5,exclude
thermophile,minimum:40.0,1,0,1,1.0,exclude
thermophile,minimum:42,1,0,1,1.0,exclude
thermophile,minimum:42.0,1,0,1,1.0,exclude
thermophile,minimum:45,2,1,1,0.5,exclude
thermophile,minimum:5,5,5,0,1.0,exclude
thermophile,minimum:5-10,3,3,0,1.0,exclude
thermophile,minimum:51,1,0,1,1.0,exclude
thermophile,minimum:55,1,0,1,1.0,exclude
thermophile,minimum:55.0,1,0,1,1.0,exclude
thermophile,minimum:6.0,1,1,0,1.0,exclude
thermophile,minimum:7,1,1,0,1.0,exclude
thermophile,optimum:06-08,1,1,0,1.0,exclude
thermophile,optimum:10,10,10,0,1.0,exclude
thermophile,optimum:10-13,1,1,0,1.0,exclude
thermophile,optimum:10-15,6,6,0,1.0,exclude
thermophile,optimum:10-28,1,1,0,1.0,exclude
thermophile,optimum:10-30,3,3,0,1.0,exclude
thermophile,optimum:10-37,1,1,0,1.0,exclude
thermophile,optimum:10-40,2,2,0,1.0,exclude
thermophile,optimum:105,1,0,1,1.0,exclude
thermophile,optimum:11,1,1,0,1.0,exclude
thermophile,optimum:11.5,2,2,0,1.0,exclude
thermophile,optimum:11.5-13.2,1,1,0,1.0,exclude
thermophile,optimum:12.35,1,1,0,1.0,exclude
thermophile,optimum:12.5,3,3,0,1.0,exclude
thermophile,optimum:13,3,3,0,1.0,exclude
thermophile,optimum:13.5,2,2,0,1.0,exclude
thermophile,optimum:14,5,5,0,1.0,exclude
thermophile,optimum:14.3-18.9,1,1,0,1.0,exclude
thermophile,optimum:14.5,2,2,0,1.0,exclude
thermophile,optimum:15,20,20,0,1.0,exclude
thermophile,optimum:15-18,1,1,0,1.0,exclude
thermophile,optimum:15-19,1,1,0,1.0,exclude
thermophile,optimum:15-20,5,5,0,1.0,exclude
thermophile,optimum:15-22,1,1,0,1.0,exclude
thermophile,optimum:15-25,5,5,0,1.0,exclude
thermophile,optimum:15-28,1,1,0,1.0,exclude
thermophile,optimum:15-30,4,4,0,1.0,exclude
thermophile,optimum:15-35,1,1,0,1.0,exclude
thermophile,optimum:15-37,1,1,0,1.0,exclude
thermophile,optimum:15-42,1,1,0,1.0,exclude
thermophile,optimum:15-45,2,2,0,1.0,exclude
thermophile,optimum:15.0-30.0,1,1,0,1.0,exclude
thermophile,optimum:15.0-35.0,1,1,0,1.0,exclude
thermophile,optimum:16,3,3,0,1.0,exclude
thermophile,optimum:16-24,1,1,0,1.0,exclude
thermophile,optimum:16-33,1,1,0,1.0,exclude
thermophile,optimum:16.5,1,1,0,1.0,exclude
thermophile,optimum:17,10,10,0,1.0,exclude
thermophile,optimum:17.5,11,11,0,1.0,exclude
thermophile,optimum:18,9,9,0,1.0,exclude
thermophile,optimum:18-19,1,1,0,1.0,exclude
thermophile,optimum:18-22,2,2,0,1.0,exclude
thermophile,optimum:18-23,1,1,0,1.0,exclude
thermophile,optimum:18-34,1,1,0,1.0,exclude
thermophile,optimum:18.0-22.0,3,3,0,1.0,exclude
thermophile,optimum:18.25,1,1,0,1.0,exclude
thermophile,optimum:18.5,3,3,0,1.0,exclude
thermophile,optimum:19.5,3,3,0,1.0,exclude
thermophile,optimum:20,57,57,0,1.0,0
thermophile,optimum:20-21,1,1,0,1.0,exclude
thermophile,optimum:20-22,3,3,0,1.0,exclude
thermophile,optimum:20-23,1,1,0,1.0,exclude
thermophile,optimum:20-24,2,2,0,1.0,exclude
thermophile,optimum:20-25,15,15,0,1.0,exclude
thermophile,optimum:20-26,1,1,0,1.0,exclude
thermophile,optimum:20-28,7,7,0,1.0,exclude
thermophile,optimum:20-30,22,22,0,1.0,exclude
thermophile,optimum:20-32,1,1,0,1.0,exclude
thermophile,optimum:20-35,2,2,0,1.0,exclude
thermophile,optimum:20-37,3,3,0,1.0,exclude
thermophile,optimum:20-40,6,6,0,1.0,exclude
thermophile,optimum:20-50,1,1,0,1.0,exclude
thermophile,optimum:20.0-30.0,1,1,0,1.0,exclude
thermophile,optimum:20.5,10,10,0,1.0,exclude
thermophile,optimum:21,5,5,0,1.0,exclude
thermophile,optimum:21-23,4,4,0,1.0,exclude
thermophile,optimum:21-30,1,1,0,1.0,exclude
thermophile,optimum:21.2,1,1,0,1.0,exclude
thermophile,optimum:21.5,6,6,0,1.0,exclude
thermophile,optimum:22,32,32,0,1.0,0
thermophile,optimum:22-23,1,1,0,1.0,exclude
thermophile,optimum:22-24,2,2,0,1.0,exclude
thermophile,optimum:22-25,2,2,0,1.0,exclude
thermophile,optimum:22-28,5,5,0,1.0,exclude
thermophile,optimum:22-29,1,1,0,1.0,exclude
thermophile,optimum:22-30,2,2,0,1.0,exclude
thermophile,optimum:22-36,1,1,0,1.0,exclude
thermophile,optimum:22.0-25.0,1,1,0,1.0,exclude
thermophile,optimum:22.5,16,16,0,1.0,exclude
thermophile,optimum:23,10,10,0,1.0,exclude
thermophile,optimum:23-25,4,4,0,1.0,exclude
thermophile,optimum:23-27,1,1,0,1.0,exclude
thermophile,optimum:23-30,1,1,0,1.0,exclude
thermophile,optimum:23.5,18,18,0,1.0,exclude
thermophile,optimum:23.7-31.8,1,1,0,1.0,exclude
thermophile,optimum:24,29,29,0,1.0,exclude
thermophile,optimum:24-26,1,1,0,1.0,exclude
thermophile,optimum:24-27,2,2,0,1.0,exclude
thermophile,optimum:24-28,3,3,0,1.0,exclude
thermophile,optimum:24-32,2,2,0,1.0,exclude
thermophile,optimum:24.5,1,1,0,1.0,exclude
thermophile,optimum:25,287,287,0,1.0,0
thermophile,optimum:25-27,2,2,0,1.0,exclude
thermophile,optimum:25-28,20,20,0,1.0,exclude
thermophile,optimum:25-29,2,2,0,1.0,exclude
thermophile,optimum:25-30,90,90,0,1.0,0
thermophile,optimum:25-32,2,2,0,1.0,exclude
thermophile,optimum:25-33,2,2,0,1.0,exclude
thermophile,optimum:25-35,6,6,0,1.0,exclude
thermophile,optimum:25-37,12,12,0,1.0,exclude
thermophile,optimum:25.0,2,2,0,1.0,exclude
thermophile,optimum:25.0-28.0,1,1,0,1.0,exclude
thermophile,optimum:25.0-30.0,8,8,0,1.0,exclude
thermophile,optimum:25.0-35.0,2,2,0,1.0,exclude
thermophile,optimum:25.5,6,6,0,1.0,exclude
thermophile,optimum:26,41,41,0,1.0,0
thermophile,optimum:26-28,1,1,0,1.0,exclude
thermophile,optimum:26-30,5,5,0,1.0,exclude
thermophile,optimum:26-32,1,1,0,1.0,exclude
thermophile,optimum:26-34,2,2,0,1.0,exclude
thermophile,optimum:26-38,1,1,0,1.0,exclude
thermophile,optimum:26.5,30,30,0,1.0,0
thermophile,optimum:27,25,25,0,1.0,exclude
thermophile,optimum:27-30,1,1,0,1.0,exclude
thermophile,optimum:27-31,1,1,0,1.0,exclude
thermophile,optimum:27-32,1,1,0,1.0,exclude
thermophile,optimum:27-37,1,1,0,1.0,exclude
thermophile,optimum:27.0,1,1,0,1.0,exclude
thermophile,optimum:27.5,132,132,0,1.0,0
thermophile,optimum:28,1078,1076,2,0.9981,0
thermophile,optimum:28-30,71,71,0,1.0,0
thermophile,optimum:28-32,10,10,0,1.0,exclude
thermophile,optimum:28-33,1,1,0,1.0,exclude
thermophile,optimum:28-34,1,1,0,1.0,exclude
thermophile,optimum:28-35,5,5,0,1.0,exclude
thermophile,optimum:28-36,1,1,0,1.0,exclude
thermophile,optimum:28-37,17,17,0,1.0,exclude
thermophile,optimum:28.0,2,2,0,1.0,exclude
thermophile,optimum:28.0-30.0,3,3,0,1.0,exclude
thermophile,optimum:28.0-35.0,1,1,0,1.0,exclude
thermophile,optimum:28.0-37.0,3,3,0,1.0,exclude
thermophile,optimum:28.5,15,15,0,1.0,exclude
thermophile,optimum:29,56,56,0,1.0,0
thermophile,optimum:29-32,1,1,0,1.0,exclude
thermophile,optimum:29-33.5,1,1,0,1.0,exclude
thermophile,optimum:29-37,1,1,0,1.0,exclude
thermophile,optimum:29-40,1,1,0,1.0,exclude
thermophile,optimum:29.0-31.0,1,1,0,1.0,exclude
thermophile,optimum:29.0-35.0,1,1,0,1.0,exclude
thermophile,optimum:29.5,6,6,0,1.0,exclude
thermophile,optimum:30,897,896,1,0.9989,0
thermophile,optimum:30-32,7,7,0,1.0,exclude
thermophile,optimum:30-33,5,5,0,1.0,exclude
thermophile,optimum:30-34,3,3,0,1.0,exclude
thermophile,optimum:30-35,32,32,0,1.0,0
thermophile,optimum:30-37,62,62,0,1.0,0
thermophile,optimum:30-40,5,5,0,1.0,exclude
thermophile,optimum:30-45,1,1,0,1.0,exclude
thermophile,optimum:30-64,1,0,1,1.0,exclude
thermophile,optimum:30.0,10,10,0,1.0,exclude
thermophile,optimum:30.0-34.0,1,1,0,1.0,exclude
thermophile,optimum:30.0-35.0,7,7,0,1.0,exclude
thermophile,optimum:30.0-36.0,1,1,0,1.0,exclude
thermophile,optimum:30.0-37.0,7,7,0,1.0,exclude
thermophile,optimum:30.0-40.0,2,2,0,1.0,exclude
thermophile,optimum:30.5,4,4,0,1.0,exclude
thermophile,optimum:31,30,30,0,1.0,0
thermophile,optimum:31-32,1,1,0,1.0,exclude
thermophile,optimum:31-33,1,1,0,1.0,exclude
thermophile,optimum:31.5,8,8,0,1.0,exclude
thermophile,optimum:32,31,31,0,1.0,0
thermophile,optimum:32-35,4,4,0,1.0,exclude
thermophile,optimum:32-37,2,2,0,1.0,exclude
thermophile,optimum:32.0,1,1,0,1.0,exclude
thermophile,optimum:32.5,61,61,0,1.0,0
thermophile,optimum:33,32,31,1,0.9688,0
thermophile,optimum:33-34,2,2,0,1.0,exclude
thermophile,optimum:33-35,3,3,0,1.0,exclude
thermophile,optimum:33-36,2,2,0,1.0,exclude
thermophile,optimum:33-37,1,1,0,1.0,exclude
thermophile,optimum:33.0-35.0,1,1,0,1.0,exclude
thermophile,optimum:33.5,71,71,0,1.0,0
thermophile,optimum:33.8,1,1,0,1.0,exclude
thermophile,optimum:34,10,10,0,1.0,exclude
thermophile,optimum:34-37,1,1,0,1.0,exclude
thermophile,optimum:34-38,1,1,0,1.0,exclude
thermophile,optimum:34.0-36.0,1,1,0,1.0,exclude
thermophile,optimum:34.0-38.0,1,1,0,1.0,exclude
thermophile,optimum:34.5,1,1,0,1.0,exclude
thermophile,optimum:35,97,97,0,1.0,0
thermophile,optimum:35-37,10,10,0,1.0,exclude
thermophile,optimum:35-39,1,1,0,1.0,exclude
thermophile,optimum:35-40,8,8,0,1.0,exclude
thermophile,optimum:35-42,1,1,0,1.0,exclude
thermophile,optimum:35-45,2,2,0,1.0,exclude
thermophile,optimum:35-48,1,1,0,1.0,exclude
thermophile,optimum:35.0,7,7,0,1.0,exclude
thermophile,optimum:35.0-37.0,2,2,0,1.0,exclude
thermophile,optimum:35.0-40.0,2,2,0,1.0,exclude
thermophile,optimum:36,24,24,0,1.0,exclude
thermophile,optimum:36.5,2,2,0,1.0,exclude
thermophile,optimum:37,550,550,0,1.0,0
thermophile,optimum:37-40,10,10,0,1.0,exclude
thermophile,optimum:37-41,1,1,0,1.0,exclude
thermophile,optimum:37-42,4,3,1,0.75,exclude
thermophile,optimum:37-44,1,1,0,1.0,exclude
thermophile,optimum:37-45,2,2,0,1.0,exclude
thermophile,optimum:37-46,1,1,0,1.0,exclude
thermophile,optimum:37.0,18,16,2,0.8889,exclude
thermophile,optimum:37.0-40.0,1,1,0,1.0,exclude
thermophile,optimum:37.5,17,17,0,1.0,exclude
thermophile,optimum:38,7,7,0,1.0,exclude
thermophile,optimum:38-39,1,1,0,1.0,exclude
thermophile,optimum:38-40,1,1,0,1.0,exclude
thermophile,optimum:38-42,2,2,0,1.0,exclude
thermophile,optimum:38.5,9,9,0,1.0,exclude
thermophile,optimum:39,9,9,0,1.0,exclude
thermophile,optimum:39-40,1,1,0,1.0,exclude
thermophile,optimum:39.0,1,1,0,1.0,exclude
thermophile,optimum:39.5,2,2,0,1.0,exclude
thermophile,optimum:4,1,1,0,1.0,exclude
thermophile,optimum:40,28,27,1,0.9643,exclude
thermophile,optimum:40-43,1,1,0,1.0,exclude
thermophile,optimum:40-45,1,1,0,1.0,exclude
thermophile,optimum:40-50,1,1,0,1.0,exclude
thermophile,optimum:40.0,3,3,0,1.0,exclude
thermophile,optimum:41,4,4,0,1.0,exclude
thermophile,optimum:41-45,1,1,0,1.0,exclude
thermophile,optimum:41.5,1,1,0,1.0,exclude
thermophile,optimum:42,10,10,0,1.0,exclude
thermophile,optimum:42-45,2,2,0,1.0,exclude
thermophile,optimum:42.0,1,1,0,1.0,exclude
thermophile,optimum:42.5,1,1,0,1.0,exclude
thermophile,optimum:43,4,4,0,1.0,exclude
thermophile,optimum:43.0,1,1,0,1.0,exclude
thermophile,optimum:44,1,1,0,1.0,exclude
thermophile,optimum:45,19,14,5,0.7368,exclude
thermophile,optimum:45-50,3,1,2,0.6667,exclude
thermophile,optimum:46,1,0,1,1.0,exclude
thermophile,optimum:47,2,1,1,0.5,exclude
thermophile,optimum:47.0,1,0,1,1.0,exclude
thermophile,optimum:47.5,2,0,2,1.0,exclude
thermophile,optimum:48,2,1,1,0.5,exclude
thermophile,optimum:48-52,1,0,1,1.0,exclude
thermophile,optimum:50,28,1,27,0.9643,exclude
thermophile,optimum:50-55,4,0,4,1.0,exclude
thermophile,optimum:50-60,1,0,1,1.0,exclude
thermophile,optimum:50.0,2,0,2,1.0,exclude
thermophile,optimum:50.0-55.0,1,0,1,1.0,exclude
thermophile,optimum:50.0-65.0,1,0,1,1.0,exclude
thermophile,optimum:52,2,0,2,1.0,exclude
thermophile,optimum:52-55,1,0,1,1.0,exclude
thermophile,optimum:52.5,3,0,3,1.0,exclude
thermophile,optimum:54,3,0,3,1.0,exclude
thermophile,optimum:55,33,0,33,1.0,1
thermophile,optimum:55-60,3,0,3,1.0,exclude
thermophile,optimum:55-65,1,1,0,1.0,exclude
thermophile,optimum:55.0,1,0,1,1.0,exclude
thermophile,optimum:55.0-60.0,1,0,1,1.0,exclude
thermophile,optimum:55.0-65.0,1,0,1,1.0,exclude
thermophile,optimum:56.5,2,0,2,1.0,exclude
thermophile,optimum:57,1,0,1,1.0,exclude
thermophile,optimum:57.5,3,0,3,1.0,exclude
thermophile,optimum:58,2,0,2,1.0,exclude
thermophile,optimum:58.5,2,0,2,1.0,exclude
thermophile,optimum:59,1,0,1,1.0,exclude
thermophile,optimum:6,2,2,0,1.0,exclude
thermophile,optimum:60,19,0,19,1.0,exclude
thermophile,optimum:60-65,1,0,1,1.0,exclude
thermophile,optimum:60.0,3,1,2,0.6667,exclude
thermophile,optimum:61,3,0,3,1.0,exclude
thermophile,optimum:61.5,1,0,1,1.0,exclude
thermophile,optimum:62.5,4,0,4,1.0,exclude
thermophile,optimum:65,11,0,11,1.0,exclude
thermophile,optimum:65-70,1,0,1,1.0,exclude
thermophile,optimum:65.0-70.0,1,0,1,1.0,exclude
thermophile,optimum:67.5,2,0,2,1.0,exclude
thermophile,optimum:68,2,0,2,1.0,exclude
thermophile,optimum:69-72,1,0,1,1.0,exclude
thermophile,optimum:7,1,1,0,1.0,exclude
thermophile,optimum:7.0-8.0,1,1,0,1.0,exclude
thermophile,optimum:7.5,2,2,0,1.0,exclude
thermophile,optimum:70,9,0,9,1.0,exclude
thermophile,optimum:70-78,1,0,1,1.0,exclude
thermophile,optimum:72,1,0,1,1.0,exclude
thermophile,optimum:72.5,1,0,1,1.0,exclude
thermophile,optimum:72.5-75,1,0,1,1.0,exclude
thermophile,optimum:73-78,1,0,1,1.0,exclude
thermophile,optimum:74,1,0,1,1.0,exclude
thermophile,optimum:75,7,0,7,1.0,exclude
thermophile,optimum:75-80,1,0,1,1.0,exclude
thermophile,optimum:78,1,0,1,1.0,exclude
thermophile,optimum:78-80,1,0,1,1.0,exclude
thermophile,optimum:80,1,0,1,1.0,exclude
thermophile,optimum:82,1,0,1,1.0,exclude
thermophile,optimum:84,1,0,1,1.0,exclude
thermophile,optimum:85,3,0,3,1.0,exclude
thermophile,optimum:9-16,1,1,0,1.0,exclude
thermophile,optimum:90,1,0,1,1.0,exclude
thermophile,optimum:90-92,1,0,1,1.0,exclude
thermophile,optimum:90-95,1,0,1,1.0,exclude
thermophile,optimum:92-95,1,0,1,1.0,exclude
spore-forming,no,2353,2344,9,0.9962,0
spore-forming,yes,1101,8,1093,0.9927,1
