accuracy.tsv	e3b6ee9d41e5fe1d234934654b330cac4d7e853c20efda414fafabcae68d7708
degrade_summary.tsv	52b9aeac2aa0cd7595e7f0038fc59955ee78dde64c80a7750f3c68aee341584f
degrade_thresholds.tsv	851662c7229998aca5bd307fa4cf5b7161f94664babf02fe58940c7831aba946
disagreements.tsv	da9b7751556013863e235eb74ff5e35f6e9b61f1b4500fe65d4cc348d061c5d0
drift_pfams.tsv	22f8b0e2013194cefe72777f510bcd281c1e8fe47d73f4945481f170b56d42e0
drift.tsv	313396f2b5e87c93a9405d7251440b8573292af4861adf612c0992585cdf9713
pgap_available.tsv	232b0329fe0235c13f557b21a0528f5bd04acfb46d0d60207e00319418e03677
predictions_full.tsv	349e52169a3d4bca1356e64c61aec14736b4dcf60c819e5421e98f8c57ea397a
robustness.tsv	56699fb3bdb5532569fb199290e31607ba56d0024bfa9fe1ae1b8aa188eb930d
shortcut_validation.tsv	2114ccd3dcc972c2e47a5d3393908aa5e75d7305fac78190a5a1b03057813eb3
