trait	variant	genomes	agreement	mean_probability_difference	accuracy
acidophile	caller-meta	100	1.0	0.0008437499999999997	
acidophile	caller-pgap	93	1.0	0.003522252043010753	
acidophile	evalue-1e-10	100	1.0	0.0165766035	
acidophile	evalue-1e-30	100	1.0	0.038541513	
acidophile	pfam-5.63	100	1.0	0.0131024304	
acidophile	primary	100	1.0	0.0	
gram-positive	caller-meta	100	0.99	0.001850122299999999	1.0
gram-positive	caller-pgap	93	0.989247311827957	0.005785205376344088	1.0
gram-positive	evalue-1e-10	100	0.97	0.04116554780000001	0.9811320754716981
gram-positive	evalue-1e-30	100	0.98	0.0928276945	1.0
gram-positive	pfam-5.63	100	0.99	0.02606266130000001	1.0
gram-positive	primary	100	1.0	0.0	0.9811320754716981
spore-forming	caller-meta	100	1.0	0.0005947091999999994	1.0
spore-forming	caller-pgap	93	0.989247311827957	0.003614050860215055	0.9583333333333334
spore-forming	evalue-1e-10	100	0.99	0.07456537270000001	0.96
spore-forming	evalue-1e-30	100	0.89	0.057644170700000004	0.72
spore-forming	pfam-5.63	100	1.0	0.0318166679	1.0
spore-forming	primary	100	1.0	0.0	1.0
aerobic	caller-meta	100	1.0	0.0020751010999999985	0.9824561403508771
aerobic	caller-pgap	93	1.0	0.007577007849462368	1.0
aerobic	evalue-1e-10	100	0.99	0.0245004501	0.9649122807017544
aerobic	evalue-1e-30	100	1.0	0.0778902538	0.9824561403508771
aerobic	pfam-5.63	100	1.0	0.0248013027	0.9824561403508771
aerobic	primary	100	1.0	0.0	0.9824561403508771
anaerobic	caller-meta	100	1.0	0.0020926257000000014	0.96875
anaerobic	caller-pgap	93	1.0	0.006302702903225807	0.9661016949152542
anaerobic	evalue-1e-10	100	1.0	0.026189477400000005	0.96875
anaerobic	evalue-1e-30	100	0.97	0.09704037160000001	1.0
anaerobic	pfam-5.63	100	0.99	0.024288067200000003	0.984375
anaerobic	primary	100	1.0	0.0	0.96875
thermophile	caller-meta	100	1.0	0.0012940976000000012	0.9897959183673469
thermophile	caller-pgap	93	1.0	0.005195960430107528	0.989010989010989
thermophile	evalue-1e-10	100	0.99	0.029311191000000004	1.0
thermophile	evalue-1e-30	100	0.96	0.059343591700000003	0.9489795918367347
thermophile	pfam-5.63	100	0.99	0.0281128607	1.0
thermophile	primary	100	1.0	0.0	0.9897959183673469
psychrophile	caller-meta	100	1.0	0.0004292504000000004	
psychrophile	caller-pgap	93	1.0	0.002165233548387097	
psychrophile	evalue-1e-10	100	1.0	0.0145617489	
psychrophile	evalue-1e-30	100	0.99	0.0251625772	
psychrophile	pfam-5.63	100	1.0	0.0182586772	
psychrophile	primary	100	1.0	0.0	
motile2+	caller-meta	100	0.99	0.0017323052000000013	0.9696969696969697
motile2+	caller-pgap	93	0.989247311827957	0.008157256021505377	1.0
motile2+	evalue-1e-10	100	0.92	0.061453762	0.9393939393939394
motile2+	evalue-1e-30	100	0.82	0.0987380655	0.9393939393939394
motile2+	pfam-5.63	100	0.94	0.041215801999999996	0.9393939393939394
motile2+	primary	100	1.0	0.0	0.9696969696969697
