set,phylum,trait,class,count
seen,Acidobacteria,aerobic,negative,1
seen,Acidobacteria,aerobic,positive,1
seen,Acidobacteria,aerobic,unlabeled,1
seen,Acidobacteria,anaerobic,negative,2
seen,Acidobacteria,anaerobic,unlabeled,1
seen,Acidobacteria,gram-positive,negative,1
seen,Acidobacteria,gram-positive,unlabeled,2
seen,Acidobacteria,motile2+,unlabeled,3
seen,Acidobacteria,spore-forming,negative,1
seen,Acidobacteria,spore-forming,unlabeled,2
seen,Acidobacteria,thermophile,negative,3
seen,Actinobacteria,aerobic,negative,5
seen,Actinobacteria,aerobic,positive,6
seen,Actinobacteria,aerobic,unlabeled,6
seen,Actinobacteria,anaerobic,negative,10
seen,Actinobacteria,anaerobic,positive,1
seen,Actinobacteria,anaerobic,unlabeled,6
seen,Actinobacteria,gram-positive,positive,9
seen,Actinobacteria,gram-positive,unlabeled,8
seen,Actinobacteria,motile2+,negative,10
seen,Actinobacteria,motile2+,unlabeled,7
seen,Actinobacteria,spore-forming,negative,3
seen,Actinobacteria,spore-forming,positive,1
seen,Actinobacteria,spore-forming,unlabeled,13
seen,Actinobacteria,thermophile,negative,17
seen,Actinomycetota,aerobic,positive,1
seen,Actinomycetota,anaerobic,negative,1
seen,Actinomycetota,gram-positive,positive,1
seen,Actinomycetota,motile2+,negative,1
seen,Actinomycetota,spore-forming,unlabeled,1
seen,Actinomycetota,thermophile,negative,1
seen,Aquificae,aerobic,negative,2
seen,Aquificae,aerobic,unlabeled,1
seen,Aquificae,anaerobic,negative,1
seen,Aquificae,anaerobic,positive,1
seen,Aquificae,anaerobic,unlabeled,1
seen,Aquificae,gram-positive,unlabeled,3
seen,Aquificae,motile2+,unlabeled,3
seen,Aquificae,spore-forming,unlabeled,3
seen,Aquificae,thermophile,positive,3
seen,Bacillota,aerobic,negative,2
seen,Bacillota,aerobic,positive,1
seen,Bacillota,anaerobic,negative,1
seen,Bacillota,anaerobic,positive,2
seen,Bacillota,gram-positive,positive,1
seen,Bacillota,gram-positive,unlabeled,2
seen,Bacillota,motile2+,unlabeled,3
seen,Bacillota,spore-forming,unlabeled,3
seen,Bacillota,thermophile,negative,3
seen,Bacteroidetes,aerobic,negative,1
seen,Bacteroidetes,aerobic,positive,7
seen,Bacteroidetes,aerobic,unlabeled,1
seen,Bacteroidetes,anaerobic,negative,7
seen,Bacteroidetes,anaerobic,positive,1
seen,Bacteroidetes,anaerobic,unlabeled,1
seen,Bacteroidetes,gram-positive,negative,6
seen,Bacteroidetes,gram-positive,unlabeled,3
seen,Bacteroidetes,motile2+,negative,7
seen,Bacteroidetes,motile2+,unlabeled,2
seen,Bacteroidetes,spore-forming,negative,2
seen,Bacteroidetes,spore-forming,unlabeled,7
seen,Bacteroidetes,thermophile,negative,9
seen,Calditrichaeota,aerobic,negative,1
seen,Calditrichaeota,anaerobic,positive,1
seen,Calditrichaeota,gram-positive,unlabeled,1
seen,Calditrichaeota,motile2+,unlabeled,1
seen,Calditrichaeota,spore-forming,unlabeled,1
seen,Calditrichaeota,thermophile,positive,1
seen,Chlamydiae,aerobic,unlabeled,1
seen,Chlamydiae,anaerobic,unlabeled,1
seen,Chlamydiae,gram-positive,unlabeled,1
seen,Chlamydiae,motile2+,unlabeled,1
seen,Chlamydiae,spore-forming,unlabeled,1
seen,Chlamydiae,thermophile,negative,1
seen,Chlorobi,aerobic,negative,3
seen,Chlorobi,anaerobic,positive,3
seen,Chlorobi,gram-positive,positive,1
seen,Chlorobi,gram-positive,unlabeled,2
seen,Chlorobi,motile2+,negative,2
seen,Chlorobi,motile2+,unlabeled,1
seen,Chlorobi,spore-forming,unlabeled,3
seen,Chlorobi,thermophile,negative,3
seen,Chloroflexi,aerobic,negative,3
seen,Chloroflexi,anaerobic,positive,3
seen,Chloroflexi,gram-positive,negative,2
seen,Chloroflexi,gram-positive,unlabeled,1
seen,Chloroflexi,motile2+,negative,1
seen,Chloroflexi,motile2+,unlabeled,2
seen,Chloroflexi,spore-forming,negative,1
seen,Chloroflexi,spore-forming,unlabeled,2
seen,Chloroflexi,thermophile,positive,2
seen,Chloroflexi,thermophile,unlabeled,1
seen,Crenarchaeota,aerobic,negative,2
seen,Crenarchaeota,aerobic,unlabeled,2
seen,Crenarchaeota,anaerobic,positive,2
seen,Crenarchaeota,anaerobic,unlabeled,2
seen,Crenarchaeota,gram-positive,negative,1
seen,Crenarchaeota,gram-positive,unlabeled,3
seen,Crenarchaeota,motile2+,positive,1
seen,Crenarchaeota,motile2+,unlabeled,3
seen,Crenarchaeota,spore-forming,unlabeled,4
seen,Crenarchaeota,thermophile,positive,4
seen,Cyanobacteria,aerobic,unlabeled,2
seen,Cyanobacteria,anaerobic,unlabeled,2
seen,Cyanobacteria,gram-positive,unlabeled,2
seen,Cyanobacteria,motile2+,unlabeled,2
seen,Cyanobacteria,spore-forming,unlabeled,2
seen,Cyanobacteria,thermophile,negative,2
seen,Deferribacteres,aerobic,negative,3
seen,Deferribacteres,anaerobic,positive,3
seen,Deferribacteres,gram-positive,negative,1
seen,Deferribacteres,gram-positive,unlabeled,2
seen,Deferribacteres,motile2+,unlabeled,3
seen,Deferribacteres,spore-forming,negative,1
seen,Deferribacteres,spore-forming,unlabeled,2
seen,Deferribacteres,thermophile,negative,2
seen,Deferribacteres,thermophile,positive,1
seen,Deinococcus-Thermus,aerobic,negative,1
seen,Deinococcus-Thermus,aerobic,positive,1
seen,Deinococcus-Thermus,aerobic,unlabeled,1
seen,Deinococcus-Thermus,anaerobic,negative,2
seen,Deinococcus-Thermus,anaerobic,unlabeled,1
seen,Deinococcus-Thermus,gram-positive,negative,2
seen,Deinococcus-Thermus,gram-positive,unlabeled,1
seen,Deinococcus-Thermus,motile2+,negative,2
seen,Deinococcus-Thermus,motile2+,unlabeled,1
seen,Deinococcus-Thermus,spore-forming,negative,1
seen,Deinococcus-Thermus,spore-forming,unlabeled,2
seen,Deinococcus-Thermus,thermophile,negative,3
seen,Dictyoglomi,aerobic,negative,1
seen,Dictyoglomi,anaerobic,positive,1
seen,Dictyoglomi,gram-positive,negative,1
seen,Dictyoglomi,motile2+,unlabeled,1
seen,Dictyoglomi,spore-forming,unlabeled,1
seen,Dictyoglomi,thermophile,positive,1
seen,Elusimicrobia,aerobic,unlabeled,1
seen,Elusimicrobia,anaerobic,unlabeled,1
seen,Elusimicrobia,gram-positive,unlabeled,1
seen,Elusimicrobia,motile2+,unlabeled,1
seen,Elusimicrobia,spore-forming,unlabeled,1
seen,Elusimicrobia,thermophile,negative,1
seen,Euryarchaeota,aerobic,negative,3
seen,Euryarchaeota,aerobic,unlabeled,2
seen,Euryarchaeota,anaerobic,positive,3
seen,Euryarchaeota,anaerobic,unlabeled,2
seen,Euryarchaeota,gram-positive,negative,1
seen,Euryarchaeota,gram-positive,unlabeled,4
seen,Euryarchaeota,motile2+,negative,1
seen,Euryarchaeota,motile2+,unlabeled,4
seen,Euryarchaeota,spore-forming,unlabeled,5
seen,Euryarchaeota,thermophile,negative,5
seen,Firmicutes,aerobic,negative,12
seen,Firmicutes,aerobic,positive,3
seen,Firmicutes,aerobic,unlabeled,2
seen,Firmicutes,anaerobic,negative,12
seen,Firmicutes,anaerobic,positive,3
seen,Firmicutes,anaerobic,unlabeled,2
seen,Firmicutes,gram-positive,positive,13
seen,Firmicutes,gram-positive,unlabeled,4
seen,Firmicutes,motile2+,negative,8
seen,Firmicutes,motile2+,positive,1
seen,Firmicutes,motile2+,unlabeled,8
seen,Firmicutes,spore-forming,negative,4
seen,Firmicutes,spore-forming,positive,2
seen,Firmicutes,spore-forming,unlabeled,11
seen,Firmicutes,thermophile,negative,16
seen,Firmicutes,thermophile,positive,1
seen,Fusobacteria,aerobic,negative,3
seen,Fusobacteria,anaerobic,negative,1
seen,Fusobacteria,anaerobic,positive,2
seen,Fusobacteria,gram-positive,unlabeled,3
seen,Fusobacteria,motile2+,unlabeled,3
seen,Fusobacteria,spore-forming,unlabeled,3
seen,Fusobacteria,thermophile,negative,3
seen,Gemmatimonadetes,aerobic,negative,1
seen,Gemmatimonadetes,anaerobic,negative,1
seen,Gemmatimonadetes,gram-positive,unlabeled,1
seen,Gemmatimonadetes,motile2+,unlabeled,1
seen,Gemmatimonadetes,spore-forming,unlabeled,1
seen,Gemmatimonadetes,thermophile,negative,1
seen,Kiritimatiellaeota,aerobic,unlabeled,1
seen,Kiritimatiellaeota,anaerobic,unlabeled,1
seen,Kiritimatiellaeota,gram-positive,unlabeled,1
seen,Kiritimatiellaeota,motile2+,unlabeled,1
seen,Kiritimatiellaeota,spore-forming,unlabeled,1
seen,Kiritimatiellaeota,thermophile,negative,1
seen,Nitrospirae,aerobic,negative,1
seen,Nitrospirae,anaerobic,positive,1
seen,Nitrospirae,gram-positive,unlabeled,1
seen,Nitrospirae,motile2+,unlabeled,1
seen,Nitrospirae,spore-forming,unlabeled,1
seen,Nitrospirae,thermophile,positive,1
seen,Not assigned to order,aerobic,negative,3
seen,Not assigned to order,anaerobic,positive,3
seen,Not assigned to order,gram-positive,negative,1
seen,Not assigned to order,gram-positive,unlabeled,2
seen,Not assigned to order,motile2+,negative,1
seen,Not assigned to order,motile2+,unlabeled,2
seen,Not assigned to order,spore-forming,negative,1
seen,Not assigned to order,spore-forming,unlabeled,2
seen,Not assigned to order,thermophile,negative,3
seen,Planctomycetes,aerobic,positive,2
seen,Planctomycetes,aerobic,unlabeled,2
seen,Planctomycetes,anaerobic,negative,2
seen,Planctomycetes,anaerobic,unlabeled,2
seen,Planctomycetes,gram-positive,negative,3
seen,Planctomycetes,gram-positive,unlabeled,1
seen,Planctomycetes,motile2+,unlabeled,4
seen,Planctomycetes,spore-forming,unlabeled,4
seen,Planctomycetes,thermophile,negative,4
seen,Proteobacteria,aerobic,negative,7
seen,Proteobacteria,aerobic,positive,12
seen,Proteobacteria,aerobic,unlabeled,13
seen,Proteobacteria,anaerobic,negative,18
seen,Proteobacteria,anaerobic,positive,1
seen,Proteobacteria,anaerobic,unlabeled,13
seen,Proteobacteria,gram-positive,negative,23
seen,Proteobacteria,gram-positive,unlabeled,9
seen,Proteobacteria,motile2+,negative,4
seen,Proteobacteria,motile2+,positive,3
seen,Proteobacteria,motile2+,unlabeled,25
seen,Proteobacteria,spore-forming,negative,6
seen,Proteobacteria,spore-forming,unlabeled,26
seen,Proteobacteria,thermophile,negative,30
seen,Proteobacteria,thermophile,unlabeled,2
seen,Pseudomonadota,aerobic,unlabeled,1
seen,Pseudomonadota,anaerobic,unlabeled,1
seen,Pseudomonadota,gram-positive,unlabeled,1
seen,Pseudomonadota,motile2+,unlabeled,1
seen,Pseudomonadota,spore-forming,unlabeled,1
seen,Pseudomonadota,thermophile,positive,1
seen,Rhodothermaeota,aerobic,unlabeled,1
seen,Rhodothermaeota,anaerobic,unlabeled,1
seen,Rhodothermaeota,gram-positive,unlabeled,1
seen,Rhodothermaeota,motile2+,unlabeled,1
seen,Rhodothermaeota,spore-forming,unlabeled,1
seen,Rhodothermaeota,thermophile,positive,1
seen,Spirochaetes,aerobic,negative,4
seen,Spirochaetes,anaerobic,positive,4
seen,Spirochaetes,gram-positive,negative,1
seen,Spirochaetes,gram-positive,unlabeled,3
seen,Spirochaetes,motile2+,unlabeled,4
seen,Spirochaetes,spore-forming,unlabeled,4
seen,Spirochaetes,thermophile,negative,3
seen,Spirochaetes,thermophile,unlabeled,1
seen,Spirochaetota,aerobic,negative,1
seen,Spirochaetota,anaerobic,positive,1
seen,Spirochaetota,gram-positive,negative,1
seen,Spirochaetota,motile2+,unlabeled,1
seen,Spirochaetota,spore-forming,negative,1
seen,Spirochaetota,thermophile,positive,1
seen,Synergistetes,aerobic,negative,3
seen,Synergistetes,anaerobic,positive,3
seen,Synergistetes,gram-positive,negative,1
seen,Synergistetes,gram-positive,unlabeled,2
seen,Synergistetes,motile2+,negative,1
seen,Synergistetes,motile2+,unlabeled,2
seen,Synergistetes,spore-forming,negative,1
seen,Synergistetes,spore-forming,unlabeled,2
seen,Synergistetes,thermophile,negative,1
seen,Synergistetes,thermophile,positive,2
seen,Tenericutes,aerobic,negative,1
seen,Tenericutes,aerobic,unlabeled,3
seen,Tenericutes,anaerobic,negative,1
seen,Tenericutes,anaerobic,unlabeled,3
seen,Tenericutes,gram-positive,negative,1
seen,Tenericutes,gram-positive,unlabeled,3
seen,Tenericutes,motile2+,unlabeled,4
seen,Tenericutes,spore-forming,unlabeled,4
seen,Tenericutes,thermophile,negative,4
seen,Thermodesulfobacteria,aerobic,negative,2
seen,Thermodesulfobacteria,aerobic,unlabeled,1
seen,Thermodesulfobacteria,anaerobic,positive,2
seen,Thermodesulfobacteria,anaerobic,unlabeled,1
seen,Thermodesulfobacteria,gram-positive,negative,1
seen,Thermodesulfobacteria,gram-positive,unlabeled,2
seen,Thermodesulfobacteria,motile2+,unlabeled,3
seen,Thermodesulfobacteria,spore-forming,unlabeled,3
seen,Thermodesulfobacteria,thermophile,positive,3
seen,Thermomicrobia,aerobic,positive,1
seen,Thermomicrobia,aerobic,unlabeled,1
seen,Thermomicrobia,anaerobic,negative,1
seen,Thermomicrobia,anaerobic,unlabeled,1
seen,Thermomicrobia,gram-positive,positive,1
seen,Thermomicrobia,gram-positive,unlabeled,1
seen,Thermomicrobia,motile2+,unlabeled,2
seen,Thermomicrobia,spore-forming,negative,1
seen,Thermomicrobia,spore-forming,unlabeled,1
seen,Thermomicrobia,thermophile,positive,2
seen,Thermotogae,aerobic,negative,3
seen,Thermotogae,anaerobic,positive,3
seen,Thermotogae,gram-positive,negative,1
seen,Thermotogae,gram-positive,unlabeled,2
seen,Thermotogae,motile2+,unlabeled,3
seen,Thermotogae,spore-forming,negative,1
seen,Thermotogae,spore-forming,unlabeled,2
seen,Thermotogae,thermophile,positive,3
seen,Verrucomicrobia,aerobic,negative,2
seen,Verrucomicrobia,aerobic,positive,1
seen,Verrucomicrobia,anaerobic,negative,1
seen,Verrucomicrobia,anaerobic,positive,2
seen,Verrucomicrobia,gram-positive,negative,3
seen,Verrucomicrobia,motile2+,negative,3
seen,Verrucomicrobia,spore-forming,negative,1
seen,Verrucomicrobia,spore-forming,unlabeled,2
seen,Verrucomicrobia,thermophile,negative,3
unseen,Acidobacteria,aerobic,negative,1
unseen,Acidobacteria,aerobic,unlabeled,2
unseen,Acidobacteria,anaerobic,negative,1
unseen,Acidobacteria,anaerobic,unlabeled,2
unseen,Acidobacteria,gram-positive,negative,2
unseen,Acidobacteria,gram-positive,unlabeled,1
unseen,Acidobacteria,motile2+,negative,2
unseen,Acidobacteria,motile2+,unlabeled,1
unseen,Acidobacteria,spore-forming,negative,1
unseen,Acidobacteria,spore-forming,unlabeled,2
unseen,Acidobacteria,thermophile,negative,3
unseen,Actinobacteria,aerobic,negative,3
unseen,Actinobacteria,aerobic,positive,5
unseen,Actinobacteria,aerobic,unlabeled,18
unseen,Actinobacteria,anaerobic,negative,19
unseen,Actinobacteria,anaerobic,positive,2
unseen,Actinobacteria,anaerobic,unlabeled,5
unseen,Actinobacteria,gram-positive,positive,21
unseen,Actinobacteria,gram-positive,unlabeled,5
unseen,Actinobacteria,motile2+,negative,16
unseen,Actinobacteria,motile2+,unlabeled,10
unseen,Actinobacteria,spore-forming,negative,10
unseen,Actinobacteria,spore-forming,positive,6
unseen,Actinobacteria,spore-forming,unlabeled,10
unseen,Actinobacteria,thermophile,negative,26
unseen,Aquificae,aerobic,negative,1
unseen,Aquificae,aerobic,unlabeled,1
unseen,Aquificae,anaerobic,negative,1
unseen,Aquificae,anaerobic,unlabeled,1
unseen,Aquificae,gram-positive,negative,2
unseen,Aquificae,motile2+,negative,1
unseen,Aquificae,motile2+,unlabeled,1
unseen,Aquificae,spore-forming,negative,2
unseen,Aquificae,thermophile,positive,2
unseen,Bacteroidetes,aerobic,negative,3
unseen,Bacteroidetes,aerobic,unlabeled,1
unseen,Bacteroidetes,anaerobic,negative,1
unseen,Bacteroidetes,anaerobic,positive,1
unseen,Bacteroidetes,anaerobic,unlabeled,2
unseen,Bacteroidetes,gram-positive,negative,2
unseen,Bacteroidetes,gram-positive,unlabeled,2
unseen,Bacteroidetes,motile2+,negative,2
unseen,Bacteroidetes,motile2+,unlabeled,2
unseen,Bacteroidetes,spore-forming,negative,2
unseen,Bacteroidetes,spore-forming,unlabeled,2
unseen,Bacteroidetes,thermophile,negative,4
unseen,Caldiserica,aerobic,negative,1
unseen,Caldiserica,anaerobic,unlabeled,1
unseen,Caldiserica,gram-positive,negative,1
unseen,Caldiserica,motile2+,unlabeled,1
unseen,Caldiserica,spore-forming,negative,1
unseen,Caldiserica,thermophile,positive,1
unseen,Chlorobi,aerobic,negative,2
unseen,Chlorobi,anaerobic,positive,2
unseen,Chlorobi,gram-positive,unlabeled,2
unseen,Chlorobi,motile2+,negative,1
unseen,Chlorobi,motile2+,unlabeled,1
unseen,Chlorobi,spore-forming,unlabeled,2
unseen,Chlorobi,thermophile,negative,1
unseen,Chlorobi,thermophile,unlabeled,1
unseen,Chloroflexi,aerobic,negative,1
unseen,Chloroflexi,anaerobic,positive,1
unseen,Chloroflexi,gram-positive,negative,1
unseen,Chloroflexi,motile2+,negative,1
unseen,Chloroflexi,spore-forming,negative,1
unseen,Chloroflexi,thermophile,unlabeled,1
unseen,Chrysiogenetes,aerobic,negative,1
unseen,Chrysiogenetes,anaerobic,positive,1
unseen,Chrysiogenetes,gram-positive,negative,1
unseen,Chrysiogenetes,motile2+,unlabeled,1
unseen,Chrysiogenetes,spore-forming,unlabeled,1
unseen,Chrysiogenetes,thermophile,negative,1
unseen,Coprothermobacterota,aerobic,negative,1
unseen,Coprothermobacterota,anaerobic,unlabeled,1
unseen,Coprothermobacterota,gram-positive,unlabeled,1
unseen,Coprothermobacterota,motile2+,unlabeled,1
unseen,Coprothermobacterota,spore-forming,unlabeled,1
unseen,Coprothermobacterota,thermophile,positive,1
unseen,Crenarchaeota,aerobic,negative,5
unseen,Crenarchaeota,aerobic,unlabeled,1
unseen,Crenarchaeota,anaerobic,negative,1
unseen,Crenarchaeota,anaerobic,unlabeled,5
unseen,Crenarchaeota,gram-positive,negative,2
unseen,Crenarchaeota,gram-positive,unlabeled,4
unseen,Crenarchaeota,motile2+,negative,1
unseen,Crenarchaeota,motile2+,unlabeled,5
unseen,Crenarchaeota,spore-forming,unlabeled,6
unseen,Crenarchaeota,thermophile,positive,5
unseen,Crenarchaeota,thermophile,unlabeled,1
unseen,Deferribacteres,aerobic,negative,1
unseen,Deferribacteres,anaerobic,positive,1
unseen,Deferribacteres,gram-positive,negative,1
unseen,Deferribacteres,motile2+,negative,1
unseen,Deferribacteres,spore-forming,unlabeled,1
unseen,Deferribacteres,thermophile,unlabeled,1
unseen,Deinococcus-Thermus,aerobic,unlabeled,4
unseen,Deinococcus-Thermus,anaerobic,negative,4
unseen,Deinococcus-Thermus,gram-positive,negative,1
unseen,Deinococcus-Thermus,gram-positive,positive,1
unseen,Deinococcus-Thermus,gram-positive,unlabeled,2
unseen,Deinococcus-Thermus,motile2+,negative,3
unseen,Deinococcus-Thermus,motile2+,unlabeled,1
unseen,Deinococcus-Thermus,spore-forming,negative,2
unseen,Deinococcus-Thermus,spore-forming,unlabeled,2
unseen,Deinococcus-Thermus,thermophile,negative,4
unseen,Euryarchaeota,aerobic,negative,25
unseen,Euryarchaeota,aerobic,unlabeled,3
unseen,Euryarchaeota,anaerobic,negative,2
unseen,Euryarchaeota,anaerobic,unlabeled,26
unseen,Euryarchaeota,gram-positive,negative,2
unseen,Euryarchaeota,gram-positive,positive,1
unseen,Euryarchaeota,gram-positive,unlabeled,25
unseen,Euryarchaeota,motile2+,negative,5
unseen,Euryarchaeota,motile2+,unlabeled,23
unseen,Euryarchaeota,spore-forming,negative,1
unseen,Euryarchaeota,spore-forming,unlabeled,27
unseen,Euryarchaeota,thermophile,negative,20
unseen,Euryarchaeota,thermophile,positive,8
unseen,Firmicutes,aerobic,negative,22
unseen,Firmicutes,aerobic,positive,4
unseen,Firmicutes,aerobic,unlabeled,7
unseen,Firmicutes,anaerobic,negative,12
unseen,Firmicutes,anaerobic,positive,4
unseen,Firmicutes,anaerobic,unlabeled,17
unseen,Firmicutes,gram-positive,negative,5
unseen,Firmicutes,gram-positive,positive,16
unseen,Firmicutes,gram-positive,unlabeled,12
unseen,Firmicutes,motile2+,negative,4
unseen,Firmicutes,motile2+,positive,9
unseen,Firmicutes,motile2+,unlabeled,20
unseen,Firmicutes,spore-forming,negative,3
unseen,Firmicutes,spore-forming,positive,15
unseen,Firmicutes,spore-forming,unlabeled,15
unseen,Firmicutes,thermophile,negative,24
unseen,Firmicutes,thermophile,positive,8
unseen,Firmicutes,thermophile,unlabeled,1
unseen,Proteobacteria,aerobic,negative,11
unseen,Proteobacteria,aerobic,positive,11
unseen,Proteobacteria,aerobic,unlabeled,27
unseen,Proteobacteria,anaerobic,negative,31
unseen,Proteobacteria,anaerobic,unlabeled,18
unseen,Proteobacteria,gram-positive,negative,36
unseen,Proteobacteria,gram-positive,unlabeled,13
unseen,Proteobacteria,motile2+,negative,10
unseen,Proteobacteria,motile2+,positive,6
unseen,Proteobacteria,motile2+,unlabeled,33
unseen,Proteobacteria,spore-forming,negative,13
unseen,Proteobacteria,spore-forming,unlabeled,36
unseen,Proteobacteria,thermophile,negative,48
unseen,Proteobacteria,thermophile,positive,1
unseen,Spirochaetes,aerobic,negative,3
unseen,Spirochaetes,anaerobic,unlabeled,3
unseen,Spirochaetes,gram-positive,negative,2
unseen,Spirochaetes,gram-positive,unlabeled,1
unseen,Spirochaetes,motile2+,negative,2
unseen,Spirochaetes,motile2+,unlabeled,1
unseen,Spirochaetes,spore-forming,unlabeled,3
unseen,Spirochaetes,thermophile,negative,3
unseen,Synergistetes,aerobic,negative,1
unseen,Synergistetes,anaerobic,unlabeled,1
unseen,Synergistetes,gram-positive,unlabeled,1
unseen,Synergistetes,motile2+,unlabeled,1
unseen,Synergistetes,spore-forming,unlabeled,1
unseen,Synergistetes,thermophile,negative,1
unseen,Tenericutes,aerobic,unlabeled,2
unseen,Tenericutes,anaerobic,negative,2
unseen,Tenericutes,gram-positive,unlabeled,2
unseen,Tenericutes,motile2+,negative,1
unseen,Tenericutes,motile2+,unlabeled,1
unseen,Tenericutes,spore-forming,unlabeled,2
unseen,Tenericutes,thermophile,negative,2
unseen,Thermotogae,aerobic,negative,5
unseen,Thermotogae,anaerobic,positive,1
unseen,Thermotogae,anaerobic,unlabeled,4
unseen,Thermotogae,gram-positive,negative,1
unseen,Thermotogae,gram-positive,unlabeled,4
unseen,Thermotogae,motile2+,negative,1
unseen,Thermotogae,motile2+,unlabeled,4
unseen,Thermotogae,spore-forming,negative,1
unseen,Thermotogae,spore-forming,unlabeled,4
unseen,Thermotogae,thermophile,negative,1
unseen,Thermotogae,thermophile,positive,4
unseen,Verrucomicrobia,aerobic,negative,1
unseen,Verrucomicrobia,anaerobic,unlabeled,1
unseen,Verrucomicrobia,gram-positive,unlabeled,1
unseen,Verrucomicrobia,motile2+,unlabeled,1
unseen,Verrucomicrobia,spore-forming,unlabeled,1
unseen,Verrucomicrobia,thermophile,negative,1
