sample_id	taxon	gram_stain	oxygen_tolerance
AB1001_Plaque.25	Streptococcus_infantis	positive	anaerobe/microaerophile
AB1001_Plaque.43	Streptococcus_mitis	positive	Facultitative anaerobe
AB1001_Saliva.57	Oribacterium_sinus	positive	anaerobe
AB1003_Saliva.19	Mogibacterium_diversum	positive	anaerobe
AB1004_Plaque.42	Arachnia_propionica	positive	anaerobe/microaerophile
AB1004_Plaque.63	Porphyromonas_endodontalis	negative	anaerobe
AB1004_Saliva.20	Rothia_mucilaginosa	positive	anaerobe/microaerophile
AB1005_Plaque.43	Streptococcus_intermedius	positive	anaerobe/microaerophile
AB1006_Saliva.7	Lachnoanaerobaculum_orale	positive	anaerobe
AB1010_Plaque.47	Cardiobacterium	negative	aerobe/microaerophile
AB1010_Plaque.75	Neisseria	negative,positive	ambiguous
AB1011_Plaque.5	Actinomyces_massiliensis	positive	anaerobe/microaerophile
AB1011_Saliva.32	Veillonella_rogosae	negative	anaerobe
AB1013_Saliva.2	Capnocytophaga_gingivalis	negative	anaerobe/microaerophile
AB1019_Plaque.10	Actinomyces_dentalis	positive	anaerobe
AB1019_Saliva.4	Veillonella_atypica	negative	anaerobe
AB1021_Plaque.27	Gemella_morbillorum	positive	anaerobe/microaerophile
AB1021_Plaque.31	Capnocytophaga_sputigena	negative	anaerobe/microaerophile
AB1021_Plaque.52	Lancefieldella_parvula	positive	anaerobe
AB1023_Plaque.29	Lautropia_dentalis	negative	Facultitative anaerobe
AB1034_Plaque.25	Parvimonas_micra	positive	anaerobe/microaerophile
AB1034_Plaque.38	Gemella_sanguinis	positive	anaerobe/microaerophile
AB1035_Saliva.24	Prevotella_vespertina	negative	anaerobe
AB1035_Saliva.67	Prevotella	negative	anaerobe
AB1036_Plaque.18	Lachnoanaerobaculum_saburreum	positive	anaerobe
AB1036_Plaque.23	Streptococcus_anginosus	positive	ambiguous
AB1036_Saliva.23	Bifidobacterium_longum	NA	NA
AB1036_Saliva.4	Actinomyces_graevenitzii	positive	anaerobe/microaerophile
AB1048_Plaque.11	Pauljensenia	positive	anaerobe
AB1051_Saliva.23	Streptococcus_salivarius	positive	anaerobe/microaerophile
AB1057_Saliva.9	Streptococcus	negative,positive	ambiguous
AB1059_Plaque.75	Corynebacterium_matruchotii	positive	Facultitative anaerobe
AB1059_Saliva.5	Prevotella_pallens	negative	anaerobe
AB1061_Plaque.35	Cardiobacterium_hominis	negative	aerobe/microaerophile
AB1061_Saliva.36	Prevotella_nanceiensis	negative	anaerobe
AB1064_Plaque.64	Leptotrichia_wadei	negative	anaerobe
AB1073_Plaque.14	Haemophilus_haemolyticus	negative	anaerobe/microaerophile
AB1073_Plaque.74	Actinomyces_naeslundii	positive	anaerobe/microaerophile
AB1089_Plaque.9	Capnocytophaga_ochracea	negative	anaerobe/microaerophile
AB1093_Plaque.31	Pseudoleptotrichia_goodfellowii	negative	anaerobe/microaerophile
AB1095_Plaque.68	Dialister_invisus	negative	anaerobe
AB1120_Plaque.2	Prevotella_histicola	negative	anaerobe
AB1131_Saliva.18	Prevotella_melaninogenica	negative	anaerobe
AB1131_Saliva.28	Streptococcus_peroris	NA	NA
AB1197_Saliva.60	Capnocytophaga_leadbetteri	negative	anaerobe/microaerophile
AB1199_Saliva.48	Actinomyces_oris	positive	anaerobe/microaerophile
AB1210_Plaque.19	Eikenella_corrodens	negative	ambiguous
AB1219_Saliva.47	Streptococcus_parasanguinis	positive	anaerobe/microaerophile
AB1225_Plaque.56	Prevotella_oris	NA	NA
AB1233_Plaque.43	Cardiobacterium_valvarum	NA	NA
AB1239_Saliva.18	Arachnia_rubra	positive	Anaerobe/Microaerophile
AB1268_Plaque.57	Mogibacterium_timidum	positive	anaerobe
AB1285_Plaque.45	Eikenella	negative	ambiguous
AB1297_Plaque.41	Actinomyces_gerencseriae	positive	anaerobe/microaerophile
AB1298_Saliva.15	Gemella_haemolysans	positive	anaerobe/microaerophile
AB1312_Saliva.50	Granulicatella	positive	ambiguous
AB1313_Saliva.61	Streptococcus_rubneri	positive	anaerobe/microaerophile
AB1313_Saliva.75	Veillonella_tobetsuensis	NA	NA
AB1373_Saliva.33	Oribacterium_parvum	variable	anaerobe
AB1392_Plaque.78	Arachnia	positive	anaerobe/microaerophile
AB1452_Saliva.61	Capnocytophaga	negative	ambiguous
AB1486_Plaque.25	Veillonella_parvula	negative	anaerobe
AB1495_Plaque.35	Fusobacterium	negative	anaerobe
AB1680_Plaque.17	Pauljensenia_hongkongensis	positive	anaerobe
AB1735_Plaque.51	Neisseria_subflava	negative	aerobe/microaerophile
AB1739_Saliva.9	Streptococcus_cristatus	positive	anaerobe/microaerophile
AC_112_1.13	Actinomyces_johnsonii	positive	anaerobe
AC_113_1.10	Stenotrophomonas_maltophilia	negative	aerobe
AC_130_1.28	Acinetobacter_johnsonii	negative	aerobe
AC_95_1.10	Acinetobacter_parvus	negative	aerobe/microaerophile
A_120.8	Rothia	positive	ambiguous
A_143.7	Selenomonas	negative	anaerobe/microaerophile
A_149.35	Klebsiella_pneumoniae	negative	Facultitative anaerobe
A_4.50	Veillonella_dispar	negative	anaerobe
CR_204_1.22	Leptotrichia_hongkongensis	variable	anaerobe
D66.57	Haemophilus	negative	ambiguous
SA_113_2.13	Chryseobacterium_scophthalmum	negative	Aerobic
SA_170_1.26	Streptococcus_australis	positive	anaerobe/microaerophile
SR_230_2.5	Brevibacterium_casei	NA	NA
