sample_id	taxon	completeness	contamination	data_source
AB1001_Plaque.25	Streptococcus_infantis	53.9	3.11	bacdive
AB1001_Plaque.43	Streptococcus_mitis	69.85	0.16	bacdive
AB1001_Saliva.57	Oribacterium_sinus	60.93	0.14	bacdive
AB1003_Saliva.19	Mogibacterium_diversum	66.45	0.1	bacdive
AB1004_Plaque.42	Arachnia_propionica	99.98	0.13	bacdive
AB1004_Plaque.63	Porphyromonas_endodontalis	67.13	1.14	bacdive
AB1004_Saliva.20	Rothia_mucilaginosa	55.75	0.04	bacdive
AB1005_Plaque.43	Streptococcus_intermedius	100	0.23	bacdive
AB1006_Saliva.7	Lachnoanaerobaculum_orale	54.33	0.42	bacdive
AB1010_Plaque.47	Cardiobacterium	90.91	1.66	bacdive
AB1010_Plaque.75	Neisseria	88.41	0.59	bacdive
AB1011_Plaque.5	Actinomyces_massiliensis	84.05	4.48	bacdive
AB1011_Saliva.32	Veillonella_rogosae	55.43	4.61	bacdive
AB1013_Saliva.2	Capnocytophaga_gingivalis	58.35	0.48	bacdive
AB1019_Plaque.10	Actinomyces_dentalis	56.71	0.64	bacdive
AB1019_Saliva.4	Veillonella_atypica	50.93	4.15	bacdive
AB1021_Plaque.27	Gemella_morbillorum	98.97	1.19	bacdive
AB1021_Plaque.31	Capnocytophaga_sputigena	64.13	1.76	bacdive
AB1021_Plaque.52	Lancefieldella_parvula	63.57	0.44	bacdive
AB1023_Plaque.29	Lautropia_dentalis	65.07	0.65	bacdive
AB1034_Plaque.25	Parvimonas_micra	57.69	4.43	bacdive
AB1034_Plaque.38	Gemella_sanguinis	100	0.13	bacdive
AB1035_Saliva.24	Prevotella_vespertina	55.48	0.45	bacdive
AB1035_Saliva.67	Prevotella	68.03	0.27	bacdive
AB1036_Plaque.18	Lachnoanaerobaculum_saburreum	57.23	0.86	bacdive
AB1036_Plaque.23	Streptococcus_anginosus	56.11	3.73	bacdive
AB1036_Saliva.23	Bifidobacterium_longum	99.99	0.01	bacdive
AB1036_Saliva.4	Actinomyces_graevenitzii	88.19	0.77	bacdive
AB1048_Plaque.11	Pauljensenia	96.45	0.18	bacdive
AB1051_Saliva.23	Streptococcus_salivarius	83.17	0.05	bacdive
AB1057_Saliva.9	Streptococcus	57.15	4.01	bacdive
AB1059_Plaque.75	Corynebacterium_matruchotii	50.8	2.37	bacdive
AB1059_Saliva.5	Prevotella_pallens	88.29	0.96	bacdive
AB1061_Plaque.35	Cardiobacterium_hominis	90.1	3.46	bacdive
AB1061_Saliva.36	Prevotella_nanceiensis	92.79	0.12	bacdive
AB1064_Plaque.64	Leptotrichia_wadei	55.72	1.96	bacdive
AB1073_Plaque.14	Haemophilus_haemolyticus	55.4	1.82	bacdive
AB1073_Plaque.74	Actinomyces_naeslundii	52.82	1.48	bacdive
AB1089_Plaque.9	Capnocytophaga_ochracea	62.89	1.97	bacdive
AB1093_Plaque.31	Pseudoleptotrichia_goodfellowii	72.53	0.28	bacdive
AB1095_Plaque.68	Dialister_invisus	80.59	0.14	bacdive
AB1120_Plaque.2	Prevotella_histicola	91.4	2.65	bacdive
AB1131_Saliva.18	Prevotella_melaninogenica	51.56	0.01	bacdive
AB1131_Saliva.28	Streptococcus_peroris	92.24	2.25	bacdive
AB1197_Saliva.60	Capnocytophaga_leadbetteri	52.36	1.82	bacdive
AB1199_Saliva.48	Actinomyces_oris	77.38	2.27	bacdive
AB1210_Plaque.19	Eikenella_corrodens	99.77	0.07	bacdive
AB1219_Saliva.47	Streptococcus_parasanguinis	81.52	4.11	bacdive
AB1225_Plaque.56	Prevotella_oris	53.56	0.31	bacdive
AB1233_Plaque.43	Cardiobacterium_valvarum	79.61	2.77	bacdive
AB1239_Saliva.18	Arachnia_rubra	60.46	1.07	bacdive
AB1268_Plaque.57	Mogibacterium_timidum	67.25	0.95	bacdive
AB1285_Plaque.45	Eikenella	59.17	0.23	bacdive
AB1297_Plaque.41	Actinomyces_gerencseriae	54.14	0.7	bacdive
AB1298_Saliva.15	Gemella_haemolysans	55.48	2.03	bacdive
AB1312_Saliva.50	Granulicatella	71.68	0	bacdive
AB1313_Saliva.61	Streptococcus_rubneri	67.4	0.06	bacdive
AB1313_Saliva.75	Veillonella_tobetsuensis	52.36	2.09	bacdive
AB1373_Saliva.33	Oribacterium_parvum	96	0.35	bacdive
AB1392_Plaque.78	Arachnia	60.49	4.03	bacdive
AB1452_Saliva.61	Capnocytophaga	91.67	0.23	bacdive
AB1486_Plaque.25	Veillonella_parvula	55.83	0.21	bacdive
AB1495_Plaque.35	Fusobacterium	63.86	4.92	bacdive
AB1680_Plaque.17	Pauljensenia_hongkongensis	64.01	3.54	bacdive
AB1735_Plaque.51	Neisseria_subflava	52.94	0.27	bacdive
AB1739_Saliva.9	Streptococcus_cristatus	71.64	1.61	bacdive
AC_112_1.13	Actinomyces_johnsonii	95.17	0.93	bacdive
AC_113_1.10	Stenotrophomonas_maltophilia	51.61	0.85	bacdive
AC_130_1.28	Acinetobacter_johnsonii	52.77	0.61	bacdive
AC_95_1.10	Acinetobacter_parvus	51.11	2.73	bacdive
A_120.8	Rothia	66.02	3.2	bacdive
A_143.7	Selenomonas	68.66	0.74	bacdive
A_149.35	Klebsiella_pneumoniae	52.19	0.12	bacdive
A_4.50	Veillonella_dispar	85.45	0.83	bacdive
BritoIL_2016__W3.22.SA__bin.33	Alloprevotella_SGB1483	NA	NA	genomes
CR_204_1.22	Leptotrichia_hongkongensis	79.07	1.51	bacdive
D66.57	Haemophilus	99.99	0.26	bacdive
GCA_005329805.2	Campylobacter	NA	NA	genomes
GCA_905371535.1	SR1_bacterium_human_oral_taxon_HOT_345	NA	NA	genomes
GCA_905372485.1	Bacteroidetes_oral_taxon_274	NA	NA	genomes
GCA_965119665.1	Dialister	NA	NA	genomes
GCA_965119715.1	Lancefieldella	NA	NA	genomes
GCA_965244485.1	Eubacterium_brachy	NA	NA	genomes
GCA_965244525.1	Porphyromonas	NA	NA	genomes
GCA_965244595.1	Fusobacterium_periodonticum	NA	NA	genomes
GCA_965245435.1	Alloprevotella	NA	NA	genomes
GCA_965245605.1	Eubacterium_sulci	NA	NA	genomes
GCA_965245625.1	Megasphaera_micronuciformis	NA	NA	genomes
GCA_965246165.1	Peptostreptococcus	NA	NA	genomes
GCF_000287615.1	Haemophilus_sputorum	NA	NA	genomes
GCF_000429245.1	Schaalia_georgiae	NA	NA	genomes
GCF_001705425.1	Mesorhizobium_hungaricum	NA	NA	genomes
GCF_004217095.1	Advenella_incenata	NA	NA	genomes
GCF_005233605.2	Stenotrophomonas_rhizophila	NA	NA	genomes
GCF_007990505.1	Pseudoleptotrichia	NA	NA	genomes
GCF_011046555.1	Sphingobacterium_lactis	NA	NA	genomes
GCF_016127995.1	Schaalia_meyeri	NA	NA	genomes
GCF_017893965.1	Treponema_parvum	NA	NA	genomes
GCF_034119405.1	Actinobaculum	NA	NA	genomes
GCF_036323475.1	Solobacterium_moorei	NA	NA	genomes
GCF_037291835.1	Acinetobacter_lwoffii	NA	NA	genomes
GCF_039511225.1	Sphingobacterium_multivorum	NA	NA	genomes
GCF_040364415.1	Moraxella_osloensis	NA	NA	genomes
GCF_041200005.1	Leptotrichia	NA	NA	genomes
GCF_048189965.1	Olsenella	NA	NA	genomes
GCF_048399105.1	Kingella	NA	NA	genomes
GCF_050009995.1	Schaalia_odontolytica	NA	NA	genomes
GCF_050219315.1	Megasphaera	NA	NA	genomes
GCF_050233995.1	Fusobacterium_nucleatum	NA	NA	genomes
GCF_050312375.1	Schaalia	NA	NA	genomes
GCF_900607225.1	Pseudopropionibacterium_massiliense	NA	NA	genomes
GCF_943169685.1	Porphyromonas_bobii	NA	NA	genomes
GCF_965229135.1	Mesorhizobium	NA	NA	genomes
GCF_965240185.1	Campylobacter_showae	NA	NA	genomes
GCF_965241795.1	Selenomonas_noxia	NA	NA	genomes
HMP_2012__SRS011115__bin.8	GGB3385_SGB4471	NA	NA	genomes
HMP_2012__SRS042984__bin.3	GGB1472_SGB2037	NA	NA	genomes
SA_113_2.13	Chryseobacterium_scophthalmum	99.86	0.06	bacdive
SA_170_1.26	Streptococcus_australis	63.44	3.1	bacdive
SR_230_2.5	Brevibacterium_casei	99.08	0.12	bacdive
