sample_id,metadata_matched,taxon,gram_stain,oxygen_tolerance,completeness,contamination,data_source,acidophile_prediction,acidophile_confidence,acidophile_positive_probability,gram-positive_prediction,gram-positive_confidence,gram-positive_positive_probability,spore-forming_prediction,spore-forming_confidence,spore-forming_positive_probability,aerobic_prediction,aerobic_confidence,aerobic_positive_probability,anaerobic_prediction,anaerobic_confidence,anaerobic_positive_probability,thermophile_prediction,thermophile_confidence,thermophile_positive_probability,psychrophile_prediction,psychrophile_confidence,psychrophile_positive_probability,motile2+_prediction,motile2+_confidence,motile2+_positive_probability
AB1001_Plaque.25,True,Streptococcus_infantis,positive,anaerobe/microaerophile,53.9,3.11,bacdive,False,78.76,0.2124,True,77.02,0.7702,False,96.9,0.031,False,90.5,0.095,False,75.14,0.2486,False,98.25,0.0175,False,98.85,0.0115,False,92.87,0.0713
AB1001_Plaque.43,True,Streptococcus_mitis,positive,Facultitative anaerobe,69.85,0.16,bacdive,False,85.34,0.1466,True,76.86,0.7686,False,95.89,0.0411,False,95.91,0.0409,False,81.83,0.1817,False,96.08,0.0392,False,99.99,0.0001,False,97.5,0.025
AB1001_Saliva.57,True,Oribacterium_sinus,positive,anaerobe,60.93,0.14,bacdive,False,91.5,0.085,True,60.22,0.6022,False,95.26,0.0474,False,94.76,0.0524,True,68.39,0.6839,False,93.32,0.0668,False,99.32,0.0068,False,51.03,0.4897
AB1003_Saliva.19,True,Mogibacterium_diversum,positive,anaerobe,66.45,0.1,bacdive,False,92.5,0.075,True,56.98,0.5698,False,96.32,0.0368,False,95.18,0.0482,True,88.7,0.887,False,97.06,0.0294,False,98.42,0.0158,False,90.94,0.0906
AB1004_Plaque.42,True,Arachnia_propionica,positive,anaerobe/microaerophile,99.98,0.13,bacdive,False,94.62,0.0538,True,89.37,0.8937,False,90.68,0.0932,False,82.55,0.1745,False,71.2,0.288,False,96.27,0.0373,False,98.92,0.0108,False,96.5,0.035
AB1004_Plaque.63,True,Porphyromonas_endodontalis,negative,anaerobe,67.13,1.14,bacdive,False,94.5,0.055,False,88.04,0.1196,False,97.91,0.0209,False,95.18,0.0482,True,88.7,0.887,False,95.82,0.0418,False,99.34,0.0066,False,96.33,0.0367
AB1004_Saliva.20,True,Rothia_mucilaginosa,positive,anaerobe/microaerophile,55.75,0.04,bacdive,False,91.39,0.0861,True,81.59,0.8159,False,97.99,0.0201,False,66.05,0.3395,False,77.73,0.2227,False,98.87,0.0113,False,99.36,0.0064,False,97.48,0.0252
AB1005_Plaque.43,True,Streptococcus_intermedius,positive,anaerobe/microaerophile,100,0.23,bacdive,False,78.94,0.2106,True,95.62,0.9562,False,99.81,0.0019,False,99.05,0.0095,False,86.17,0.1383,False,99.0,0.01,False,99.49,0.0051,False,98.0,0.02
AB1006_Saliva.7,True,Lachnoanaerobaculum_orale,positive,anaerobe,54.33,0.42,bacdive,False,90.5,0.095,True,71.57,0.7157,False,88.26,0.1174,False,94.88,0.0512,True,73.85,0.7385,False,95.11,0.0489,False,98.38,0.0162,False,91.82,0.0818
AB1010_Plaque.47,True,Cardiobacterium,negative,aerobe/microaerophile,90.91,1.66,bacdive,False,90.75,0.0925,False,99.38,0.0062,False,97.99,0.0201,False,75.96,0.2404,False,82.19,0.1781,False,95.24,0.0476,False,95.53,0.0447,False,84.22,0.1578
AB1010_Plaque.75,True,Neisseria,"negative,positive",ambiguous,88.41,0.59,bacdive,False,95.61,0.0439,False,99.5,0.005,False,97.93,0.0207,False,58.54,0.4146,False,88.5,0.115,False,98.52,0.0148,False,97.53,0.0247,False,90.13,0.0987
AB1011_Plaque.5,True,Actinomyces_massiliensis,positive,anaerobe/microaerophile,84.05,4.48,bacdive,False,91.78,0.0822,True,87.6,0.876,False,97.88,0.0212,False,86.65,0.1335,False,66.8,0.332,False,97.25,0.0275,False,98.31,0.0169,False,97.33,0.0267
AB1011_Saliva.32,True,Veillonella_rogosae,negative,anaerobe,55.43,4.61,bacdive,False,94.75,0.0525,False,90.51,0.0949,False,95.07,0.0493,False,95.04,0.0496,True,73.61,0.7361,False,94.3,0.057,False,98.79,0.0121,False,92.3,0.077
AB1013_Saliva.2,True,Capnocytophaga_gingivalis,negative,anaerobe/microaerophile,58.35,0.48,bacdive,False,90.25,0.0975,False,82.04,0.1796,False,98.94,0.0106,False,89.74,0.1026,False,59.61,0.4039,False,95.6,0.044,False,94.42,0.0558,False,94.12,0.0588
AB1019_Plaque.10,True,Actinomyces_dentalis,positive,anaerobe,56.71,0.64,bacdive,False,86.83,0.1317,True,84.35,0.8435,False,96.47,0.0353,False,83.52,0.1648,False,56.25,0.4375,False,94.3,0.057,False,98.45,0.0155,False,92.08,0.0792
AB1019_Saliva.4,True,Veillonella_atypica,negative,anaerobe,50.93,4.15,bacdive,False,93.2,0.068,False,87.06,0.1294,False,96.85,0.0315,False,89.1,0.109,True,68.43,0.6843,False,92.77,0.0723,False,99.99,0.0001,False,90.99,0.0901
AB1021_Plaque.27,True,Gemella_morbillorum,positive,anaerobe/microaerophile,98.97,1.19,bacdive,False,92.47,0.0753,True,83.33,0.8333,False,95.36,0.0464,False,96.45,0.0355,False,79.29,0.2071,False,99.03,0.0097,False,99.98,0.0002,False,96.88,0.0312
AB1021_Plaque.31,True,Capnocytophaga_sputigena,negative,anaerobe/microaerophile,64.13,1.76,bacdive,False,89.41,0.1059,False,87.74,0.1226,False,99.37,0.0063,False,80.91,0.1909,False,69.23,0.3077,False,94.52,0.0548,False,95.71,0.0429,False,92.5,0.075
AB1021_Plaque.52,True,Lancefieldella_parvula,positive,anaerobe,63.57,0.44,bacdive,False,93.45,0.0655,True,75.76,0.7576,False,98.91,0.0109,False,95.11,0.0489,True,80.39,0.8039,False,98.28,0.0172,False,98.98,0.0102,False,92.63,0.0737
AB1023_Plaque.29,True,Lautropia_dentalis,negative,Facultitative anaerobe,65.07,0.65,bacdive,False,93.94,0.0606,False,96.14,0.0386,False,96.37,0.0363,False,58.56,0.4144,False,77.29,0.2271,False,96.88,0.0312,False,91.0,0.09,False,58.48,0.4152
AB1034_Plaque.25,True,Parvimonas_micra,positive,anaerobe/microaerophile,57.69,4.43,bacdive,False,90.75,0.0925,True,57.27,0.5727,False,98.49,0.0151,False,94.25,0.0575,False,61.87,0.3813,False,98.65,0.0135,False,99.49,0.0051,False,91.61,0.0839
AB1034_Plaque.38,True,Gemella_sanguinis,positive,anaerobe/microaerophile,100,0.13,bacdive,False,91.91,0.0809,True,87.13,0.8713,False,94.81,0.0519,False,95.16,0.0484,False,80.98,0.1902,False,98.58,0.0142,False,99.96,0.0004,False,96.0,0.04
AB1035_Saliva.24,True,Prevotella_vespertina,negative,anaerobe,55.48,0.45,bacdive,False,91.28,0.0872,False,96.45,0.0355,False,99.43,0.0057,False,93.87,0.0613,True,78.58,0.7858,False,97.0,0.03,False,98.95,0.0105,False,92.71,0.0729
AB1035_Saliva.67,True,Prevotella,negative,anaerobe,68.03,0.27,bacdive,False,95.5,0.045,False,94.94,0.0506,False,98.94,0.0106,False,96.6,0.034,True,88.55,0.8855,False,98.5,0.015,False,98.93,0.0107,False,93.8,0.062
AB1036_Plaque.18,True,Lachnoanaerobaculum_saburreum,positive,anaerobe,57.23,0.86,bacdive,False,91.75,0.0825,True,65.92,0.6592,False,89.26,0.1074,False,91.46,0.0854,True,74.26,0.7426,False,94.77,0.0523,False,98.33,0.0167,False,91.65,0.0835
AB1036_Plaque.23,True,Streptococcus_anginosus,positive,ambiguous,56.11,3.73,bacdive,False,82.81,0.1719,True,65.41,0.6541,False,96.87,0.0313,False,94.28,0.0572,False,79.16,0.2084,False,99.49,0.0051,False,99.45,0.0055,False,94.45,0.0555
AB1036_Saliva.23,True,Bifidobacterium_longum,,,99.99,0.01,bacdive,False,97.96,0.0204,True,88.98,0.8898,False,98.48,0.0152,False,97.13,0.0287,True,92.61,0.9261,False,99.48,0.0052,False,99.99,0.0001,False,98.33,0.0167
AB1036_Saliva.4,True,Actinomyces_graevenitzii,positive,anaerobe/microaerophile,88.19,0.77,bacdive,False,87.73,0.1227,True,82.68,0.8268,False,98.48,0.0152,False,92.2,0.078,False,67.77,0.3223,False,98.39,0.0161,False,99.95,0.0005,False,92.33,0.0767
AB1048_Plaque.11,True,Pauljensenia,positive,anaerobe,96.45,0.18,bacdive,False,95.09,0.0491,True,92.41,0.9241,False,97.99,0.0201,False,94.12,0.0588,False,53.46,0.4654,False,98.35,0.0165,False,99.46,0.0054,False,96.08,0.0392
AB1051_Saliva.23,True,Streptococcus_salivarius,positive,anaerobe/microaerophile,83.17,0.05,bacdive,False,88.27,0.1173,True,87.37,0.8737,False,95.91,0.0409,False,95.32,0.0468,False,77.17,0.2283,False,99.49,0.0051,False,99.36,0.0064,False,99.79,0.0021
AB1057_Saliva.9,True,Streptococcus,"negative,positive",ambiguous,57.15,4.01,bacdive,False,86.86,0.1314,True,81.82,0.8182,False,96.91,0.0309,False,94.65,0.0535,False,71.28,0.2872,False,94.95,0.0505,False,98.89,0.0111,False,95.6,0.044
AB1059_Plaque.75,True,Corynebacterium_matruchotii,positive,Facultitative anaerobe,50.8,2.37,bacdive,False,88.47,0.1153,True,72.91,0.7291,False,93.43,0.0657,False,75.88,0.2412,False,72.34,0.2766,False,95.16,0.0484,False,98.87,0.0113,False,90.67,0.0933
AB1059_Saliva.5,True,Prevotella_pallens,negative,anaerobe,88.29,0.96,bacdive,False,95.96,0.0404,False,96.4,0.036,False,98.94,0.0106,False,99.06,0.0094,True,96.28,0.9628,False,96.41,0.0359,False,99.83,0.0017,False,97.51,0.0249
AB1061_Plaque.35,True,Cardiobacterium_hominis,negative,aerobe/microaerophile,90.1,3.46,bacdive,False,92.0,0.08,False,95.67,0.0433,False,98.4,0.016,False,73.43,0.2657,False,82.22,0.1778,False,96.37,0.0363,False,94.89,0.0511,False,86.05,0.1395
AB1061_Saliva.36,True,Prevotella_nanceiensis,negative,anaerobe,92.79,0.12,bacdive,False,97.0,0.03,False,96.38,0.0362,False,99.93,0.0007,False,96.08,0.0392,True,88.48,0.8848,False,100.0,0.0,False,98.8,0.012,False,97.5,0.025
AB1064_Plaque.64,True,Leptotrichia_wadei,negative,anaerobe,55.72,1.96,bacdive,False,91.41,0.0859,False,80.44,0.1956,False,98.31,0.0169,False,94.58,0.0542,True,67.45,0.6745,False,91.58,0.0842,False,97.73,0.0227,False,88.23,0.1177
AB1073_Plaque.14,True,Haemophilus_haemolyticus,negative,anaerobe/microaerophile,55.4,1.82,bacdive,False,90.61,0.0939,False,90.76,0.0924,False,96.94,0.0306,False,77.82,0.2218,False,63.08,0.3692,False,91.25,0.0875,False,95.96,0.0404,False,86.62,0.1338
AB1073_Plaque.74,True,Actinomyces_naeslundii,positive,anaerobe/microaerophile,52.82,1.48,bacdive,False,89.44,0.1056,True,81.81,0.8181,False,96.42,0.0358,False,81.21,0.1879,False,64.4,0.356,False,95.11,0.0489,False,99.42,0.0058,False,92.56,0.0744
AB1089_Plaque.9,True,Capnocytophaga_ochracea,negative,anaerobe/microaerophile,62.89,1.97,bacdive,False,93.83,0.0617,False,92.98,0.0702,False,98.38,0.0162,False,89.91,0.1009,False,72.84,0.2716,False,96.63,0.0337,False,94.86,0.0514,False,91.07,0.0893
AB1093_Plaque.31,True,Pseudoleptotrichia_goodfellowii,negative,anaerobe/microaerophile,72.53,0.28,bacdive,False,93.0,0.07,False,79.09,0.2091,False,97.35,0.0265,False,97.38,0.0262,True,62.6,0.626,False,92.9,0.071,False,97.94,0.0206,False,91.88,0.0812
AB1095_Plaque.68,True,Dialister_invisus,negative,anaerobe,80.59,0.14,bacdive,False,92.5,0.075,False,86.8,0.132,False,96.93,0.0307,False,97.12,0.0288,True,83.14,0.8314,False,95.33,0.0467,False,99.94,0.0006,False,91.0,0.09
AB1120_Plaque.2,True,Prevotella_histicola,negative,anaerobe,91.4,2.65,bacdive,False,96.83,0.0317,False,97.47,0.0253,False,98.42,0.0158,False,98.09,0.0191,True,86.44,0.8644,False,99.5,0.005,False,99.93,0.0007,False,97.21,0.0279
AB1131_Saliva.18,True,Prevotella_melaninogenica,negative,anaerobe,51.56,0.01,bacdive,False,93.25,0.0675,False,85.43,0.1457,False,99.42,0.0058,False,96.22,0.0378,True,74.17,0.7417,False,96.82,0.0318,False,99.6,0.004,False,91.57,0.0843
AB1131_Saliva.28,True,Streptococcus_peroris,,,92.24,2.25,bacdive,False,85.09,0.1491,True,90.39,0.9039,False,99.39,0.0061,False,97.83,0.0217,False,91.69,0.0831,False,98.5,0.015,False,99.95,0.0005,False,98.0,0.02
AB1197_Saliva.60,True,Capnocytophaga_leadbetteri,negative,anaerobe/microaerophile,52.36,1.82,bacdive,False,95.0,0.05,False,89.26,0.1074,False,98.36,0.0164,False,84.55,0.1545,False,68.68,0.3132,False,96.27,0.0373,False,95.99,0.0401,False,92.92,0.0708
AB1199_Saliva.48,True,Actinomyces_oris,positive,anaerobe/microaerophile,77.38,2.27,bacdive,False,96.58,0.0342,True,89.76,0.8976,False,97.4,0.026,False,90.63,0.0937,False,73.11,0.2689,False,93.95,0.0605,False,99.73,0.0027,False,96.08,0.0392
AB1210_Plaque.19,True,Eikenella_corrodens,negative,ambiguous,99.77,0.07,bacdive,False,96.0,0.04,False,99.5,0.005,False,97.99,0.0201,False,58.16,0.4184,False,92.08,0.0792,False,98.33,0.0167,False,97.97,0.0203,False,89.32,0.1068
AB1219_Saliva.47,True,Streptococcus_parasanguinis,positive,anaerobe/microaerophile,81.52,4.11,bacdive,False,82.59,0.1741,True,83.37,0.8337,False,93.93,0.0607,False,96.9,0.031,False,81.97,0.1803,False,99.02,0.0098,False,99.36,0.0064,False,97.5,0.025
AB1225_Plaque.56,True,Prevotella_oris,,,53.56,0.31,bacdive,False,90.5,0.095,False,93.21,0.0679,False,98.93,0.0107,False,96.81,0.0319,True,84.28,0.8428,False,98.49,0.0151,False,99.38,0.0062,False,91.54,0.0846
AB1233_Plaque.43,True,Cardiobacterium_valvarum,,,79.61,2.77,bacdive,False,92.5,0.075,False,94.02,0.0598,False,97.41,0.0259,False,78.52,0.2148,False,85.07,0.1493,False,96.58,0.0342,False,95.73,0.0427,False,82.84,0.1716
AB1239_Saliva.18,True,Arachnia_rubra,positive,Anaerobe/Microaerophile,60.46,1.07,bacdive,False,94.26,0.0574,True,78.92,0.7892,False,90.43,0.0957,False,76.83,0.2317,False,61.55,0.3845,False,96.53,0.0347,False,97.03,0.0297,False,92.25,0.0775
AB1268_Plaque.57,True,Mogibacterium_timidum,positive,anaerobe,67.25,0.95,bacdive,False,94.0,0.06,True,58.56,0.5856,False,97.37,0.0263,False,95.98,0.0402,True,88.17,0.8817,False,97.4,0.026,False,98.99,0.0101,False,96.5,0.035
AB1285_Plaque.45,True,Eikenella,negative,ambiguous,59.17,0.23,bacdive,False,87.0,0.13,False,94.29,0.0571,False,96.5,0.035,False,59.67,0.4033,False,82.37,0.1763,False,88.58,0.1142,False,94.22,0.0578,False,85.61,0.1439
AB1297_Plaque.41,True,Actinomyces_gerencseriae,positive,anaerobe/microaerophile,54.14,0.7,bacdive,False,91.0,0.09,True,75.19,0.7519,False,95.42,0.0458,False,77.46,0.2254,False,61.53,0.3847,False,89.62,0.1038,False,99.03,0.0097,False,94.39,0.0561
AB1298_Saliva.15,True,Gemella_haemolysans,positive,anaerobe/microaerophile,55.48,2.03,bacdive,False,90.71,0.0929,True,65.99,0.6599,False,96.5,0.035,False,90.04,0.0996,False,65.66,0.3434,False,97.88,0.0212,False,99.45,0.0055,False,88.06,0.1194
AB1312_Saliva.50,True,Granulicatella,positive,ambiguous,71.68,0,bacdive,False,83.77,0.1623,True,78.93,0.7893,False,97.47,0.0253,False,94.58,0.0542,False,72.14,0.2786,False,99.0,0.01,False,99.42,0.0058,False,92.55,0.0745
AB1313_Saliva.61,True,Streptococcus_rubneri,positive,anaerobe/microaerophile,67.4,0.06,bacdive,False,80.47,0.1953,True,81.37,0.8137,False,97.99,0.0201,False,91.3,0.087,False,81.43,0.1857,False,97.49,0.0251,False,99.95,0.0005,False,97.35,0.0265
AB1313_Saliva.75,True,Veillonella_tobetsuensis,,,52.36,2.09,bacdive,False,94.55,0.0545,False,94.47,0.0553,False,92.77,0.0723,False,95.34,0.0466,True,75.92,0.7592,False,92.8,0.072,False,99.89,0.0011,False,91.0,0.09
AB1373_Saliva.33,True,Oribacterium_parvum,variable,anaerobe,96,0.35,bacdive,False,96.0,0.04,True,56.36,0.5636,False,96.79,0.0321,False,99.04,0.0096,True,93.4,0.934,False,96.76,0.0324,False,99.33,0.0067,True,58.44,0.5844
AB1392_Plaque.78,True,Arachnia,positive,anaerobe/microaerophile,60.49,4.03,bacdive,False,92.45,0.0755,True,81.17,0.8117,False,90.72,0.0928,False,79.22,0.2078,False,63.22,0.3678,False,95.97,0.0403,False,98.8,0.012,False,94.67,0.0533
AB1452_Saliva.61,True,Capnocytophaga,negative,ambiguous,91.67,0.23,bacdive,False,93.33,0.0667,False,96.7,0.033,False,97.38,0.0262,False,87.26,0.1274,False,70.63,0.2937,False,98.4,0.016,False,96.13,0.0387,False,96.75,0.0325
AB1486_Plaque.25,True,Veillonella_parvula,negative,anaerobe,55.83,0.21,bacdive,False,89.96,0.1004,False,84.67,0.1533,False,96.43,0.0357,False,83.41,0.1659,True,66.45,0.6645,False,90.52,0.0948,False,97.97,0.0203,False,88.13,0.1187
AB1495_Plaque.35,True,Fusobacterium,negative,anaerobe,63.86,4.92,bacdive,False,89.84,0.1016,False,72.8,0.272,False,96.87,0.0313,False,95.17,0.0483,True,76.88,0.7688,False,91.51,0.0849,False,99.22,0.0078,False,86.25,0.1375
AB1680_Plaque.17,True,Pauljensenia_hongkongensis,positive,anaerobe,64.01,3.54,bacdive,False,93.75,0.0625,True,83.23,0.8323,False,97.99,0.0201,False,87.37,0.1263,False,58.04,0.4196,False,95.08,0.0492,False,99.88,0.0012,False,95.62,0.0438
AB1735_Plaque.51,True,Neisseria_subflava,negative,aerobe/microaerophile,52.94,0.27,bacdive,False,86.5,0.135,False,86.25,0.1375,False,98.87,0.0113,False,68.15,0.3185,False,77.07,0.2293,False,89.05,0.1095,False,95.3,0.047,False,83.46,0.1654
AB1739_Saliva.9,True,Streptococcus_cristatus,positive,anaerobe/microaerophile,71.64,1.61,bacdive,False,79.52,0.2048,True,82.2,0.822,False,97.98,0.0202,False,96.82,0.0318,False,83.8,0.162,False,99.5,0.005,False,99.91,0.0009,False,96.35,0.0365
AC_112_1.13,True,Actinomyces_johnsonii,positive,anaerobe,95.17,0.93,bacdive,False,95.64,0.0436,True,94.5,0.945,False,95.38,0.0462,False,92.82,0.0718,False,63.14,0.3686,False,98.48,0.0152,False,99.94,0.0006,False,97.21,0.0279
AC_113_1.10,True,Stenotrophomonas_maltophilia,negative,aerobe,51.61,0.85,bacdive,False,87.46,0.1254,False,95.81,0.0419,False,97.36,0.0264,True,64.42,0.6442,False,78.41,0.2159,False,94.5,0.055,False,86.17,0.1383,False,61.28,0.3872
AC_130_1.28,True,Acinetobacter_johnsonii,negative,aerobe,52.77,0.61,bacdive,False,91.08,0.0892,False,87.91,0.1209,False,97.0,0.03,False,54.73,0.4527,False,72.54,0.2746,False,98.13,0.0187,False,90.7,0.093,False,79.08,0.2092
AC_95_1.10,True,Acinetobacter_parvus,negative,aerobe/microaerophile,51.11,2.73,bacdive,False,90.85,0.0915,False,90.89,0.0911,False,99.48,0.0052,True,51.96,0.5196,False,69.24,0.3076,False,96.5,0.035,False,89.94,0.1006,False,82.73,0.1727
A_120.8,True,Rothia,positive,ambiguous,66.02,3.2,bacdive,False,92.92,0.0708,True,76.95,0.7695,False,96.99,0.0301,False,70.69,0.2931,False,76.17,0.2383,False,96.37,0.0363,False,99.97,0.0003,False,93.06,0.0694
A_143.7,True,Selenomonas,negative,anaerobe/microaerophile,68.66,0.74,bacdive,False,91.75,0.0825,False,90.07,0.0993,False,90.42,0.0958,False,96.86,0.0314,True,91.16,0.9116,False,80.12,0.1988,False,99.25,0.0075,False,59.5,0.405
A_149.35,True,Klebsiella_pneumoniae,negative,Facultitative anaerobe,52.19,0.12,bacdive,False,92.81,0.0719,False,85.71,0.1429,False,93.15,0.0685,False,57.33,0.4267,False,65.16,0.3484,False,89.33,0.1067,False,90.72,0.0928,False,80.55,0.1945
A_4.50,True,Veillonella_dispar,negative,anaerobe,85.45,0.83,bacdive,False,97.5,0.025,False,94.03,0.0597,False,95.86,0.0414,False,98.05,0.0195,True,93.79,0.9379,False,97.93,0.0207,False,99.39,0.0061,False,96.3,0.037
BritoIL_2016__W3.22.SA__bin.33,False,Alloprevotella_SGB1483,,,,,genomes,False,86.22,0.1378,False,82.08,0.1792,False,99.5,0.005,False,84.75,0.1525,False,50.27,0.4973,False,95.85,0.0415,False,98.7,0.013,False,90.82,0.0918
CR_204_1.22,True,Leptotrichia_hongkongensis,variable,anaerobe,79.07,1.51,bacdive,False,91.5,0.085,False,85.52,0.1448,False,95.36,0.0464,False,96.53,0.0347,True,58.68,0.5868,False,96.54,0.0346,False,97.76,0.0224,False,94.5,0.055
D66.57,True,Haemophilus,negative,ambiguous,99.99,0.26,bacdive,False,91.5,0.085,False,93.07,0.0693,False,97.28,0.0272,False,93.61,0.0639,False,90.32,0.0968,False,99.0,0.01,False,96.48,0.0352,False,95.5,0.045
GCA_005329805.2,False,Campylobacter,,,,,genomes,False,89.96,0.1004,False,93.92,0.0608,False,98.85,0.0115,False,88.92,0.1108,False,83.63,0.1637,False,97.69,0.0231,False,96.87,0.0313,True,55.0,0.55
GCA_905371535.1,False,SR1_bacterium_human_oral_taxon_HOT_345,,,,,genomes,False,93.7,0.063,False,61.47,0.3853,False,98.98,0.0102,False,84.2,0.158,False,77.77,0.2223,False,95.36,0.0464,False,99.95,0.0005,False,84.29,0.1571
GCA_905372485.1,False,Bacteroidetes_oral_taxon_274,,,,,genomes,False,95.5,0.045,False,94.93,0.0507,False,98.31,0.0169,False,94.46,0.0554,True,86.95,0.8695,False,96.6,0.034,False,99.71,0.0029,False,98.38,0.0162
GCA_965119665.1,False,Dialister,,,,,genomes,False,95.5,0.045,False,91.14,0.0886,False,96.86,0.0314,False,98.19,0.0181,True,93.15,0.9315,False,96.61,0.0339,False,99.92,0.0008,False,94.95,0.0505
GCA_965119715.1,False,Lancefieldella,,,,,genomes,False,96.0,0.04,True,79.31,0.7931,False,95.46,0.0454,False,96.93,0.0307,True,87.43,0.8743,False,95.55,0.0445,False,97.96,0.0204,False,95.06,0.0494
GCA_965244485.1,False,Eubacterium_brachy,,,,,genomes,False,94.0,0.06,False,54.62,0.4538,False,98.09,0.0191,False,97.85,0.0215,True,75.45,0.7545,False,96.92,0.0308,False,99.92,0.0008,False,88.48,0.1152
GCA_965244525.1,False,Porphyromonas,,,,,genomes,False,96.5,0.035,False,95.03,0.0497,False,99.5,0.005,False,94.24,0.0576,True,86.67,0.8667,False,99.41,0.0059,False,99.2,0.008,False,97.8,0.022
GCA_965244595.1,False,Fusobacterium_periodonticum,,,,,genomes,False,94.5,0.055,False,93.49,0.0651,False,93.94,0.0606,False,98.21,0.0179,True,91.78,0.9178,False,98.94,0.0106,False,98.35,0.0165,False,89.88,0.1012
GCA_965245435.1,False,Alloprevotella,,,,,genomes,False,94.91,0.0509,False,92.47,0.0753,False,99.94,0.0006,False,96.97,0.0303,True,92.25,0.9225,False,97.28,0.0272,False,99.95,0.0005,False,97.41,0.0259
GCA_965245605.1,False,Eubacterium_sulci,,,,,genomes,False,93.95,0.0605,True,54.7,0.547,False,93.63,0.0637,False,96.76,0.0324,True,64.7,0.647,False,98.36,0.0164,False,99.98,0.0002,False,94.69,0.0531
GCA_965245625.1,False,Megasphaera_micronuciformis,,,,,genomes,False,92.75,0.0725,False,90.0,0.1,False,95.83,0.0417,False,97.5,0.025,True,85.29,0.8529,False,89.49,0.1051,False,97.91,0.0209,False,94.37,0.0563
GCA_965246165.1,False,Peptostreptococcus,,,,,genomes,False,97.0,0.03,True,76.28,0.7628,False,69.83,0.3017,False,99.41,0.0059,True,97.37,0.9737,False,96.65,0.0335,False,99.96,0.0004,False,94.84,0.0516
GCF_000287615.1,False,Haemophilus_sputorum,,,,,genomes,False,94.5,0.055,False,95.05,0.0495,False,97.8,0.022,False,88.89,0.1111,False,91.12,0.0888,False,99.0,0.01,False,95.22,0.0478,False,93.67,0.0633
GCF_000429245.1,False,Schaalia_georgiae,,,,,genomes,False,93.54,0.0646,True,94.89,0.9489,False,99.49,0.0051,False,93.13,0.0687,False,55.18,0.4482,False,98.07,0.0193,False,99.47,0.0053,False,99.5,0.005
GCF_001705425.1,False,Mesorhizobium_hungaricum,,,,,genomes,False,96.0,0.04,False,98.0,0.02,False,95.9,0.041,True,93.8,0.938,False,99.16,0.0084,False,99.33,0.0067,False,96.63,0.0337,True,64.26,0.6426
GCF_004217095.1,False,Advenella_incenata,,,,,genomes,False,93.0,0.07,False,98.74,0.0126,False,96.47,0.0353,True,92.02,0.9202,False,98.66,0.0134,False,99.75,0.0025,False,98.32,0.0168,False,80.47,0.1953
GCF_005233605.2,False,Stenotrophomonas_rhizophila,,,,,genomes,False,98.5,0.015,False,99.5,0.005,False,99.13,0.0087,True,90.42,0.9042,False,98.67,0.0133,False,99.45,0.0055,False,94.34,0.0566,True,61.0,0.61
GCF_007990505.1,False,Pseudoleptotrichia,,,,,genomes,False,90.33,0.0967,False,87.56,0.1244,False,97.86,0.0214,False,99.14,0.0086,True,70.99,0.7099,False,98.88,0.0112,False,99.88,0.0012,False,95.0,0.05
GCF_011046555.1,False,Sphingobacterium_lactis,,,,,genomes,False,94.5,0.055,False,98.75,0.0125,False,99.46,0.0054,True,93.03,0.9303,False,96.78,0.0322,False,98.99,0.0101,False,97.73,0.0227,False,98.98,0.0102
GCF_016127995.1,False,Schaalia_meyeri,,,,,genomes,False,95.2,0.048,True,90.54,0.9054,False,98.99,0.0101,False,94.17,0.0583,True,54.45,0.5445,False,97.83,0.0217,False,99.96,0.0004,False,99.38,0.0062
GCF_017893965.1,False,Treponema_parvum,,,,,genomes,False,92.0,0.08,False,93.54,0.0646,False,95.85,0.0415,False,98.9,0.011,True,91.48,0.9148,False,94.0,0.06,False,97.59,0.0241,False,53.17,0.4683
GCF_034119405.1,False,Actinobaculum,,,,,genomes,False,94.34,0.0566,True,89.74,0.8974,False,98.95,0.0105,False,80.92,0.1908,True,52.48,0.5248,False,99.47,0.0053,False,99.47,0.0053,False,97.0,0.03
GCF_036323475.1,False,Solobacterium_moorei,,,,,genomes,False,86.51,0.1349,True,73.17,0.7317,False,94.0,0.06,False,98.79,0.0121,True,83.57,0.8357,False,98.46,0.0154,False,99.61,0.0039,False,97.18,0.0282
GCF_037291835.1,False,Acinetobacter_lwoffii,,,,,genomes,False,97.5,0.025,False,99.5,0.005,False,98.17,0.0183,True,93.29,0.9329,False,99.38,0.0062,False,100.0,0.0,False,96.08,0.0392,False,88.5,0.115
GCF_039511225.1,False,Sphingobacterium_multivorum,,,,,genomes,False,97.5,0.025,False,93.93,0.0607,False,98.48,0.0152,True,91.5,0.915,False,96.31,0.0369,False,99.38,0.0062,False,95.9,0.041,False,99.0,0.01
GCF_040364415.1,False,Moraxella_osloensis,,,,,genomes,False,92.95,0.0705,False,99.0,0.01,False,99.92,0.0008,True,75.54,0.7554,False,97.5,0.025,False,99.6,0.004,False,92.65,0.0735,False,88.71,0.1129
GCF_041200005.1,False,Leptotrichia,,,,,genomes,False,92.96,0.0704,False,92.53,0.0747,False,96.87,0.0313,False,97.97,0.0203,True,85.12,0.8512,False,97.55,0.0245,False,98.92,0.0108,False,95.0,0.05
GCF_048189965.1,False,Olsenella,,,,,genomes,False,90.32,0.0968,True,85.37,0.8537,False,99.42,0.0058,False,95.83,0.0417,True,93.38,0.9338,False,98.37,0.0163,False,98.32,0.0168,False,96.33,0.0367
GCF_048399105.1,False,Kingella,,,,,genomes,False,96.5,0.035,False,99.02,0.0098,False,97.9,0.021,True,57.09,0.5709,False,93.77,0.0623,False,99.48,0.0052,False,97.34,0.0266,False,90.71,0.0929
GCF_050009995.1,False,Schaalia_odontolytica,,,,,genomes,False,97.04,0.0296,True,90.53,0.9053,False,98.97,0.0103,False,92.1,0.079,False,59.75,0.4025,False,97.82,0.0218,False,99.8,0.002,False,99.0,0.01
GCF_050219315.1,False,Megasphaera,,,,,genomes,False,96.0,0.04,False,97.03,0.0297,False,89.74,0.1026,False,97.97,0.0203,True,87.27,0.8727,False,94.2,0.058,False,96.88,0.0312,False,94.24,0.0576
GCF_050233995.1,False,Fusobacterium_nucleatum,,,,,genomes,False,95.0,0.05,False,93.8,0.062,False,93.43,0.0657,False,98.23,0.0177,True,96.7,0.967,False,98.39,0.0161,False,98.75,0.0125,False,90.18,0.0982
GCF_050312375.1,False,Schaalia,,,,,genomes,False,95.8,0.042,True,92.03,0.9203,False,97.95,0.0205,False,93.09,0.0691,False,55.69,0.4431,False,99.1,0.009,False,98.92,0.0108,False,95.48,0.0452
GCF_900607225.1,False,Pseudopropionibacterium_massiliense,,,,,genomes,False,94.18,0.0582,True,88.02,0.8802,False,90.84,0.0916,False,78.74,0.2126,False,61.83,0.3817,False,98.62,0.0138,False,99.41,0.0059,False,95.5,0.045
GCF_943169685.1,False,Porphyromonas_bobii,,,,,genomes,False,96.5,0.035,False,95.03,0.0497,False,99.25,0.0075,False,94.81,0.0519,True,86.27,0.8627,False,98.91,0.0109,False,98.7,0.013,False,98.0,0.02
GCF_965229135.1,False,Mesorhizobium,,,,,genomes,False,96.0,0.04,False,98.5,0.015,False,96.33,0.0367,True,94.31,0.9431,False,99.68,0.0032,False,99.32,0.0068,False,96.23,0.0377,True,62.87,0.6287
GCF_965240185.1,False,Campylobacter_showae,,,,,genomes,False,93.41,0.0659,False,98.7,0.013,False,98.96,0.0104,False,96.46,0.0354,False,66.01,0.3399,False,97.5,0.025,False,97.86,0.0214,True,66.36,0.6636
GCF_965241795.1,False,Selenomonas_noxia,,,,,genomes,False,95.5,0.045,False,90.53,0.0947,False,89.67,0.1033,False,98.31,0.0169,True,90.85,0.9085,False,86.24,0.1376,False,99.91,0.0009,True,53.65,0.5365
HMP_2012__SRS011115__bin.8,False,GGB3385_SGB4471,,,,,genomes,False,95.0,0.05,True,74.14,0.7414,False,79.83,0.2017,False,98.97,0.0103,True,86.9,0.869,False,97.15,0.0285,False,98.97,0.0103,False,95.1,0.049
HMP_2012__SRS042984__bin.3,False,GGB1472_SGB2037,,,,,genomes,False,95.0,0.05,False,96.46,0.0354,False,100.0,0.0,False,95.24,0.0476,True,76.91,0.7691,False,99.28,0.0072,False,98.67,0.0133,False,96.26,0.0374
SA_113_2.13,True,Chryseobacterium_scophthalmum,negative,Aerobic,99.86,0.06,bacdive,False,90.83,0.0917,False,98.0,0.02,False,96.98,0.0302,True,90.41,0.9041,False,98.11,0.0189,False,99.0,0.01,False,89.77,0.1023,False,96.5,0.035
SA_170_1.26,True,Streptococcus_australis,positive,anaerobe/microaerophile,63.44,3.1,bacdive,False,75.58,0.2442,True,76.59,0.7659,False,94.88,0.0512,False,94.85,0.0515,False,74.46,0.2554,False,97.99,0.0201,False,98.66,0.0134,False,95.75,0.0425
SR_230_2.5,True,Brevibacterium_casei,,,99.08,0.12,bacdive,False,99.5,0.005,True,92.52,0.9252,False,96.95,0.0305,True,91.13,0.9113,False,98.68,0.0132,False,100.0,0.0,False,97.74,0.0226,False,99.0,0.01
